ProjectID, BugId, Abstractness, AfferentCouplings, AverageBlockDepth, AverageCyclomaticComplexity, AverageDepthofInheritanceHierarchy, AverageLinesOfCodePerMethod, AverageNumberofConstructorsPerType, AverageNumberofFieldsPerType, AverageNumberofMethodsPerType, AverageNumberofParameters, AverageNumberofSubtypes, CommentsRatio, Difficulty, Distance, EfferentCouplings, Effort, Instability, LinesofCode, NumberofCharacters, NumberofComments, NumberofConstructors, NumberofFields, NumberofLines, NumberofMethods, NumberofOperands, NumberofOperators, NumberofPackages, NumberofSemicolons, NumberofTypes, NumberofUniqueOperands, NumberofUniqueOperators, ProgramLength, ProgramVocabulary, ProgramVolume, Numberofdeliveredbugs, WeightedMethods
Chart, 1, 13.5%, 0, 1.17, 2.02, 3.23, 10.41, 1.17, 1.99, 9.88, 0.95, 0.71, 15.6%, 623.60, 0.13, 1013, 4544510435.77, 1.00, 145515, 10890770, 22719, 1293, 3163, 320829, 10881, 365348, 166929, 102, 82924, 1101, 13182, 45, 532277, 13227, 7287509.93, 2429.17, 24704
Chart, 2, 13.5%, 0, 1.17, 2.02, 3.23, 10.41, 1.17, 1.99, 9.88, 0.95, 0.71, 15.6%, 623.44, 0.13, 1013, 4540200527.99, 1.00, 145433, 10886678, 22717, 1293, 3163, 320720, 10878, 365117, 166811, 102, 82871, 1101, 13177, 45, 531928, 13222, 7282441.56, 2427.48, 24694
Chart, 3, 13.5%, 0, 1.17, 2.03, 3.23, 10.42, 1.17, 1.99, 9.86, 0.95, 0.70, 15.5%, 622.57, 0.13, 1011, 4524627405.68, 1.00, 145171, 10862620, 22629, 1291, 3158, 320018, 10843, 364358, 166525, 102, 82731, 1099, 13168, 45, 530883, 13213, 7267613.31, 2422.54, 24639
Chart, 4, 13%, 0, 1.18, 2.04, 3.24, 10.54, 1.18, 1.97, 9.82, 0.94, 0.70, 15.6%, 593.55, 0.13, 997, 4243831122.86, 1.00, 143368, 10714149, 22425, 1274, 3083, 315585, 10591, 359006, 163969, 100, 81438, 1078, 13004, 43, 522975, 13047, 7149816.36, 2383.27, 24221
Chart, 5, 12.3%, 0, 1.18, 2.03, 3.28, 10.52, 1.18, 1.92, 9.74, 0.95, 0.70, 15.5%, 581.60, 0.12, 948, 3876781640.56, 1.00, 135306, 10106575, 21061, 1214, 2915, 297708, 9988, 336249, 153638, 97, 76389, 1025, 12430, 43, 489887, 12473, 6665657.69, 2221.89, 22759
Chart, 6, 12.4%, 0, 1.18, 2.02, 3.29, 10.49, 1.18, 1.87, 9.43, 0.95, 0.68, 15.8%, 566.76, 0.12, 924, 3540947941.99, 1.00, 127985, 9667863, 20345, 1183, 2790, 282940, 9416, 316388, 144482, 97, 71982, 998, 12002, 43, 460870, 12045, 6247621.36, 2082.54, 21442
Chart, 7, 12.4%, 0, 1.18, 2.02, 3.28, 10.50, 1.18, 1.88, 9.38, 0.96, 0.67, 15.9%, 564.82, 0.12, 920, 3501084798.92, 1.00, 127011, 9615047, 20249, 1175, 2788, 281094, 9326, 314040, 143407, 97, 71349, 994, 11954, 43, 457447, 11997, 6198583.45, 2066.19, 21303
Chart, 8, 12.4%, 0, 1.18, 2.02, 3.28, 10.50, 1.18, 1.88, 9.38, 0.96, 0.67, 15.9%, 564.81, 0.12, 920, 3500401773.09, 1.00, 126997, 9614808, 20261, 1175, 2788, 281084, 9325, 313986, 143382, 97, 71338, 994, 11952, 43, 457368, 11995, 6197402.96, 2065.8, 21302
Chart, 9, 12.4%, 0, 1.18, 2.02, 3.28, 10.50, 1.18, 1.88, 9.37, 0.96, 0.67, 15.9%, 564.73, 0.12, 920, 3497823671.74, 1.00, 126951, 9614521, 20308, 1175, 2788, 281064, 9323, 313811, 143304, 97, 71302, 994, 11947, 43, 457115, 11990, 6193699.82, 2064.57, 21299
Chart, 10, 12.4%, 0, 1.18, 2.02, 3.28, 10.50, 1.18, 1.88, 9.36, 0.96, 0.67, 15.9%, 564.92, 0.12, 920, 3494670693.90, 1.00, 126863, 9611783, 20261, 1175, 2788, 280883, 9313, 313466, 143158, 97, 71226, 994, 11930, 43, 456624, 11973, 6186112.29, 2062.04, 21288
Chart, 11, 12.5%, 0, 1.18, 2.03, 3.28, 10.51, 1.17, 1.89, 9.39, 0.96, 0.67, 15.9%, 565.37, 0.12, 917, 3495478866.82, 1.00, 126777, 9601352, 20239, 1169, 2788, 280556, 9306, 313324, 143099, 95, 71184, 991, 11915, 43, 456423, 11958, 6182563.78, 2060.85, 21271
Chart, 12, 12.5%, 0, 1.18, 2.03, 3.28, 10.50, 1.17, 1.89, 9.39, 0.96, 0.67, 15.9%, 564.83, 0.12, 916, 3484968977.31, 1.00, 126617, 9593260, 20245, 1168, 2788, 280309, 9301, 312658, 142883, 95, 71036, 990, 11901, 43, 455541, 11944, 6169846.59, 2056.62, 21265
Chart, 13, 12.5%, 0, 1.18, 2.03, 3.28, 10.50, 1.17, 1.89, 9.38, 0.96, 0.67, 16%, 563.89, 0.12, 915, 3471604977.35, 1.00, 126356, 9578379, 20230, 1167, 2787, 279819, 9279, 312003, 142573, 95, 70863, 989, 11896, 43, 454576, 11939, 6156502.04, 2052.17, 21221
Chart, 14, 12.5%, 0, 1.18, 2.03, 3.28, 10.50, 1.18, 1.89, 9.38, 0.96, 0.67, 16%, 563.46, 0.12, 914, 3465701429.54, 1.00, 126287, 9572260, 20229, 1166, 2786, 279651, 9272, 311715, 142439, 95, 70786, 988, 11894, 43, 454154, 11937, 6150676.96, 2050.23, 21207
Chart, 15, 12.5%, 0, 1.18, 2.03, 3.28, 10.52, 1.18, 1.89, 9.35, 0.96, 0.68, 15.9%, 563.98, 0.12, 913, 3468516257.42, 1.00, 126038, 9547865, 20115, 1165, 2781, 278784, 9237, 311662, 142494, 95, 70672, 987, 11881, 43, 454156, 11924, 6149990.10, 2050.0, 21128
Chart, 16, 12.5%, 0, 1.18, 2.03, 3.28, 10.51, 1.18, 1.89, 9.35, 0.96, 0.68, 15.9%, 563.79, 0.12, 913, 3465892832.05, 1.00, 125994, 9545314, 20112, 1165, 2781, 278727, 9235, 311527, 142448, 95, 70630, 987, 11880, 43, 453975, 11923, 6147484.15, 2049.16, 21124
Chart, 17, 12.6%, 0, 1.18, 2.03, 3.28, 10.52, 1.17, 1.88, 9.29, 0.96, 0.68, 15.8%, 562.36, 0.12, 910, 3430490354.28, 1.00, 125055, 9478245, 19827, 1161, 2765, 276630, 9149, 309302, 141395, 95, 70082, 984, 11825, 43, 450697, 11868, 6100088.89, 2033.36, 20971
Chart, 18, 12.6%, 0, 1.18, 2.03, 3.28, 10.52, 1.17, 1.88, 9.29, 0.96, 0.68, 15.8%, 562.36, 0.12, 910, 3429081432.07, 1.00, 125014, 9476529, 19821, 1161, 2765, 276575, 9147, 309194, 141339, 95, 70058, 984, 11821, 43, 450533, 11864, 6097650.08, 2032.55, 20965
Chart, 19, 12.6%, 0, 1.18, 2.03, 3.28, 10.51, 1.18, 1.88, 9.26, 0.96, 0.68, 15.8%, 560.05, 0.12, 907, 3392208913.24, 1.00, 124336, 9433348, 19757, 1159, 2756, 275257, 9098, 307223, 140409, 95, 69643, 982, 11794, 43, 447632, 11837, 6056915.69, 2018.97, 20855
Chart, 20, 12.3%, 0, 1.18, 2.04, 3.28, 10.55, 1.18, 1.85, 9.19, 0.98, 0.66, 16%, 548.49, 0.12, 873, 3181928350.97, 1.00, 119411, 9154858, 19158, 1117, 2655, 265931, 8693, 295016, 134613, 92, 66653, 945, 11564, 43, 429629, 11607, 5801154.72, 1933.72, 20092
Chart, 21, 12.3%, 0, 1.18, 2.04, 3.28, 10.55, 1.18, 1.85, 9.17, 0.98, 0.66, 16%, 547.64, 0.12, 873, 3169185908.26, 1.00, 119158, 9144029, 19123, 1117, 2653, 265586, 8672, 294329, 134280, 92, 66508, 945, 11555, 43, 428609, 11598, 5786902.31, 1928.97, 20039
Chart, 22, 12.3%, 0, 1.18, 2.04, 3.28, 10.55, 1.18, 1.85, 9.17, 0.98, 0.66, 16%, 547.31, 0.12, 873, 3164834589.61, 1.00, 119109, 9139686, 19119, 1117, 2653, 265463, 8670, 294099, 134190, 92, 66478, 945, 11553, 43, 428289, 11596, 5782475.24, 1927.49, 20029
Chart, 23, 12.3%, 0, 1.18, 2.04, 3.28, 10.51, 1.18, 1.84, 9.14, 0.98, 0.66, 16%, 545.56, 0.12, 873, 3134146327.49, 1.00, 118378, 9103076, 19042, 1116, 2639, 264396, 8641, 292298, 133329, 92, 66059, 945, 11519, 43, 425627, 11562, 5744731.61, 1914.91, 19924
Chart, 24, 12.3%, 0, 1.18, 2.04, 3.28, 10.50, 1.18, 1.84, 9.13, 0.98, 0.66, 16%, 544.78, 0.12, 873, 3123503146.64, 1.00, 118185, 9090270, 19017, 1116, 2637, 264037, 8631, 291749, 133066, 92, 65940, 945, 11514, 43, 424815, 11557, 5733506.86, 1911.17, 19903
Chart, 25, 12.3%, 0, 1.18, 2.04, 3.28, 10.50, 1.18, 1.84, 9.11, 0.98, 0.66, 16%, 544.22, 0.12, 873, 3113563768.71, 1.00, 117988, 9063904, 18929, 1115, 2635, 263336, 8609, 291096, 132856, 92, 65845, 944, 11500, 43, 423952, 11543, 5721118.02, 1907.04, 19862
Chart, 26, 12.5%, 0, 1.18, 2.03, 3.28, 10.45, 1.17, 1.83, 9.08, 0.97, 0.66, 16.3%, 540.20, 0.12, 866, 3029199882.86, 1.00, 115960, 8930248, 18920, 1097, 2606, 259580, 8499, 285629, 130417, 92, 64600, 936, 11368, 43, 416046, 11411, 5607525.23, 1869.18, 19555
Lang, 1, 8.6%, 0, 1.28, 1.96, 2.33, 10.84, 0.55, 1.11, 10.32, 0.80, 0.35, 13.4%, 427.22, 0.10, 351, 1555191639.16, 1.00, 59736, 4466699, 8042, 261, 1055, 111751, 4883, 189621, 81141, 33, 33785, 473, 11096, 50, 270762, 11146, 3640188.88, 1213.4, 10076
Lang, 2, 8.6%, 0, 1.28, 1.96, 1.00, 10.83, 0.55, 1.11, 10.30, 0.80, 0.00, 13.4%, 428.15, 0.10, 351, 1553571871.54, 1.00, 59595, 4454448, 8024, 261, 1055, 111504, 4876, 189107, 80929, 33, 33700, 473, 11042, 50, 270036, 11092, 3628536.35, 1209.51, 10054
Lang, 3, 8.6%, 0, 1.28, 1.95, 2.33, 10.83, 0.55, 1.11, 10.29, 0.80, 0.35, 13.4%, 427.99, 0.10, 351, 1551059789.10, 1.00, 59514, 4448712, 8007, 261, 1055, 111364, 4871, 188898, 80825, 33, 33663, 473, 11034, 50, 269723, 11084, 3624049.74, 1208.02, 10034
Lang, 4, 8.6%, 0, 1.28, 1.96, 2.33, 10.82, 0.55, 1.11, 10.28, 0.80, 0.35, 13.4%, 428.08, 0.10, 351, 1549867594.78, 1.00, 59464, 4443382, 7997, 261, 1055, 111258, 4867, 188736, 80749, 33, 33638, 473, 11022, 50, 269485, 11072, 3620430.78, 1206.81, 10030
Lang, 5, 8.6%, 0, 1.28, 1.95, 2.33, 10.82, 0.55, 1.11, 10.23, 0.79, 0.35, 13.4%, 430.28, 0.10, 351, 1546246644.07, 1.00, 59141, 4358373, 7956, 261, 1051, 110423, 4841, 187503, 80312, 33, 33464, 473, 10894, 50, 267815, 10944, 3593502.17, 1197.83, 9971
Lang, 6, 8.7%, 0, 1.28, 1.95, 2.32, 10.82, 0.55, 1.12, 10.25, 0.79, 0.35, 13.4%, 430.78, 0.10, 350, 1542307884.90, 1.00, 58904, 4343900, 7926, 260, 1051, 110029, 4819, 186893, 80057, 33, 33346, 470, 10846, 50, 266950, 10896, 3580202.85, 1193.4, 9931
Lang, 7, 8.7%, 0, 1.28, 1.95, 2.32, 10.82, 0.55, 1.12, 10.25, 0.79, 0.35, 13.4%, 430.78, 0.10, 350, 1542307884.90, 1.00, 58904, 4343900, 7926, 260, 1051, 110029, 4819, 186893, 80057, 33, 33346, 470, 10846, 50, 266950, 10896, 3580202.85, 1193.4, 9931
Lang, 8, 8.7%, 0, 1.27, 1.92, 2.30, 10.53, 0.55, 1.13, 10.03, 0.77, 0.35, 13.5%, 414.67, 0.10, 346, 1392371514.22, 1.00, 56012, 4140181, 7614, 260, 1042, 105481, 4688, 176145, 75331, 33, 32050, 467, 10407, 49, 251476, 10456, 3357718.47, 1119.24, 9482
Lang, 9, 8.7%, 0, 1.27, 1.92, 2.30, 10.53, 0.55, 1.12, 9.99, 0.77, 0.35, 13.5%, 415.34, 0.10, 347, 1394285937.61, 1.00, 56033, 4140325, 7609, 261, 1047, 105508, 4688, 176124, 75339, 33, 32054, 469, 10389, 49, 251463, 10438, 3356919.82, 1118.97, 9500
Lang, 10, 8.7%, 0, 1.27, 1.92, 2.30, 10.53, 0.55, 1.12, 9.99, 0.77, 0.35, 13.5%, 415.43, 0.10, 347, 1394591272.22, 1.00, 56037, 4140405, 7607, 261, 1047, 105512, 4687, 176126, 75346, 33, 32057, 469, 10387, 49, 251472, 10436, 3356970.44, 1118.99, 9501
Lang, 11, 8.7%, 0, 1.28, 1.93, 2.55, 10.34, 0.63, 1.13, 9.83, 0.78, 0.35, 13.8%, 417.34, 0.10, 349, 1386014051.73, 1.00, 54428, 4095286, 7554, 297, 1037, 103474, 4601, 174484, 74670, 33, 31678, 468, 10243, 49, 249154, 10292, 3321032.40, 1107.01, 9456
Lang, 12, 8.7%, 0, 1.28, 1.93, 2.55, 10.34, 0.63, 1.13, 9.82, 0.78, 0.35, 13.8%, 417.52, 0.10, 349, 1386180899.63, 1.00, 54411, 4094541, 7553, 297, 1037, 103456, 4600, 174442, 74650, 33, 31671, 468, 10236, 49, 249092, 10285, 3319961.48, 1106.65, 9451
Lang, 13, 8.7%, 0, 1.28, 1.93, 2.56, 10.31, 0.63, 1.13, 9.80, 0.78, 0.35, 13.9%, 416.39, 0.10, 347, 1383099638.99, 1.00, 54251, 4093721, 7559, 298, 1043, 103288, 4599, 174395, 74752, 33, 31695, 469, 10261, 49, 249147, 10310, 3321567.18, 1107.19, 9469
Lang, 14, 8.4%, 0, 1.28, 1.94, 2.58, 10.40, 0.65, 1.14, 9.98, 0.77, 0.33, 13.9%, 417.44, 0.09, 333, 1360841807.87, 1.00, 53182, 4021388, 7413, 292, 983, 101282, 4475, 171356, 73699, 33, 31099, 448, 10057, 49, 245055, 10106, 3259948.15, 1086.65, 9252
Lang, 15, 8.3%, 0, 1.29, 1.95, 2.58, 10.44, 0.65, 1.15, 10.03, 0.77, 0.33, 13.9%, 415.23, 0.09, 326, 1341341915.93, 1.00, 52751, 3989471, 7360, 288, 974, 100452, 4424, 169772, 73160, 33, 30844, 441, 10017, 49, 242932, 10066, 3230316.09, 1076.77, 9188
Lang, 16, 8.4%, 0, 1.29, 1.95, 2.65, 10.32, 0.70, 1.17, 10.10, 0.78, 0.33, 14.1%, 423.19, 0.09, 338, 1370526122.76, 1.00, 52634, 4020351, 7456, 311, 977, 101097, 4447, 170123, 73339, 35, 30872, 440, 10050, 50, 243462, 10100, 3238547.99, 1079.52, 9279
Lang, 17, 8.7%, 0, 1.30, 1.98, 2.71, 10.29, 0.70, 1.03, 9.95, 0.79, 0.35, 14.5%, 405.21, 0.09, 324, 1235610207.68, 1.00, 49905, 3821058, 7257, 299, 890, 96295, 4221, 160596, 69496, 33, 29469, 424, 9710, 49, 230092, 9759, 3049298.28, 1016.43, 8943
Lang, 18, 8.7%, 0, 1.30, 1.98, 2.71, 10.29, 0.70, 1.03, 9.95, 0.80, 0.35, 14.5%, 405.28, 0.09, 324, 1235622597.85, 1.00, 49898, 3821013, 7259, 299, 890, 96291, 4220, 160575, 69486, 33, 29467, 424, 9707, 49, 230061, 9756, 3048785.40, 1016.26, 8941
Lang, 19, 8.8%, 0, 1.30, 1.99, 2.73, 10.28, 0.73, 1.08, 10.33, 0.80, 0.35, 14.6%, 407.06, 0.09, 322, 1238694788.80, 1.00, 49647, 3809241, 7282, 300, 893, 95949, 4198, 160217, 69572, 33, 29442, 406, 9643, 49, 229789, 9692, 3042998.91, 1014.33, 8943
Lang, 20, 8.8%, 0, 1.30, 1.99, 2.73, 10.28, 0.73, 1.08, 10.33, 0.80, 0.35, 14.6%, 407.41, 0.09, 322, 1239468100.36, 1.00, 49637, 3808400, 7279, 300, 893, 95929, 4197, 160189, 69571, 33, 29435, 406, 9633, 49, 229760, 9682, 3042272.69, 1014.09, 8942
Lang, 21, 8.3%, 0, 1.30, 2.00, 2.75, 10.33, 0.75, 1.11, 10.45, 0.80, 0.35, 14.2%, 404.97, 0.09, 314, 1204786511.79, 1.00, 48908, 3739425, 6968, 298, 893, 94520, 4119, 156766, 68292, 31, 28960, 394, 9484, 49, 225058, 9533, 2974977.46, 991.66, 8835
Lang, 22, 8.4%, 0, 1.30, 2.00, 2.74, 10.33, 0.76, 1.09, 10.57, 0.80, 0.35, 14.2%, 405.63, 0.09, 311, 1207346865.32, 1.00, 48891, 3739194, 6979, 297, 884, 94552, 4124, 156856, 68339, 31, 28956, 390, 9474, 49, 225195, 9523, 2976447.44, 992.15, 8846
Lang, 23, 8.4%, 0, 1.30, 2.00, 2.74, 10.33, 0.76, 1.08, 10.56, 0.80, 0.35, 14.2%, 405.50, 0.09, 311, 1205436160.74, 1.00, 48816, 3734956, 6965, 297, 876, 94452, 4120, 156689, 68241, 31, 28913, 390, 9467, 49, 224930, 9516, 2972706.27, 990.9, 8835
Lang, 24, 8.4%, 0, 1.30, 2.00, 2.73, 10.32, 0.76, 1.08, 10.57, 0.80, 0.35, 14.2%, 406.26, 0.09, 310, 1204235696.23, 1.00, 48725, 3726622, 6949, 296, 876, 94263, 4114, 156289, 68101, 31, 28849, 389, 9425, 49, 224390, 9474, 2964137.58, 988.05, 8827
Lang, 25, 8.3%, 0, 1.30, 2.00, 2.74, 10.33, 0.77, 1.09, 10.69, 0.80, 0.35, 14.2%, 406.60, 0.09, 309, 1204396487.75, 1.00, 48692, 3724174, 6948, 296, 876, 94225, 4107, 156204, 68062, 31, 28836, 384, 9412, 49, 224266, 9461, 2962055.30, 987.35, 8820
Lang, 26, 7.7%, 0, 1.30, 2.00, 2.76, 10.44, 0.79, 1.08, 10.76, 0.81, 0.35, 14.4%, 407.45, 0.08, 303, 1187199050.67, 1.00, 47693, 3666043, 6879, 294, 852, 92713, 4004, 153836, 67184, 31, 28457, 372, 9250, 49, 221020, 9299, 2913675.68, 971.23, 8681
Lang, 27, 7.8%, 0, 1.30, 2.00, 2.76, 10.44, 0.79, 1.08, 10.80, 0.81, 0.34, 14.4%, 408.02, 0.08, 303, 1184804145.46, 1.00, 47521, 3652736, 6856, 293, 848, 92364, 3988, 153366, 67010, 31, 28340, 369, 9209, 49, 220376, 9258, 2903781.02, 967.93, 8664
Lang, 28, 7.4%, 0, 1.31, 2.00, 2.80, 10.35, 0.86, 1.12, 11.69, 0.80, 0.34, 14.4%, 410.83, 0.08, 284, 1157059536.13, 1.00, 46092, 3558429, 6638, 288, 822, 89955, 3907, 149259, 65277, 29, 27552, 334, 8901, 49, 214536, 8950, 2816358.23, 938.79, 8453
Lang, 29, 7.5%, 0, 1.31, 2.00, 2.79, 10.35, 0.86, 1.12, 11.72, 0.80, 0.34, 14.4%, 411.20, 0.08, 283, 1157113906.07, 1.00, 46053, 3555554, 6635, 288, 822, 89877, 3903, 149157, 65235, 29, 27527, 333, 8887, 49, 214392, 8936, 2813983.64, 937.99, 8446
Lang, 30, 6.4%, 0, 1.31, 2.00, 2.81, 10.38, 0.87, 1.15, 11.87, 0.81, 0.32, 14.4%, 410.03, 0.07, 279, 1141846051.47, 1.00, 45651, 3508609, 6589, 284, 820, 88565, 3859, 147647, 64687, 29, 27306, 325, 8822, 49, 212334, 8871, 2784735.14, 928.25, 8373
Lang, 31, 6.4%, 0, 1.31, 2.00, 2.81, 10.37, 0.88, 1.15, 11.82, 0.81, 0.32, 14.4%, 408.80, 0.07, 279, 1131726056.46, 1.00, 45483, 3493228, 6568, 286, 818, 88283, 3844, 146837, 64306, 29, 27170, 325, 8800, 49, 211143, 8849, 2768358.94, 922.79, 8351
Lang, 32, 6.6%, 0, 1.31, 2.01, 2.82, 10.44, 0.88, 1.14, 11.91, 0.82, 0.32, 14.4%, 410.51, 0.07, 269, 1114324226.81, 1.00, 44628, 3419549, 6440, 279, 792, 86400, 3752, 144167, 63375, 29, 26719, 315, 8604, 49, 207542, 8653, 2714438.63, 904.81, 8198
Lang, 33, 6.6%, 0, 1.31, 2.01, 2.82, 10.44, 0.88, 1.14, 11.91, 0.82, 0.32, 14.4%, 410.50, 0.07, 269, 1114208054.37, 1.00, 44627, 3419561, 6442, 279, 792, 86401, 3752, 144161, 63368, 29, 26718, 315, 8604, 49, 207529, 8653, 2714268.61, 904.76, 8197
Lang, 34, 6.6%, 0, 1.31, 2.01, 2.82, 10.44, 0.88, 1.14, 11.91, 0.82, 0.32, 14.4%, 410.51, 0.07, 269, 1114469179.84, 1.00, 44640, 3419881, 6442, 279, 792, 86413, 3752, 144184, 63382, 29, 26727, 315, 8605, 49, 207566, 8654, 2714787.14, 904.93, 8197
Lang, 35, 6.6%, 0, 1.31, 2.01, 2.82, 10.36, 0.88, 1.13, 11.73, 0.82, 0.32, 15.1%, 405.04, 0.07, 268, 1070846073.99, 1.00, 43722, 3366470, 6609, 278, 790, 85190, 3695, 140658, 61730, 29, 26092, 315, 8508, 49, 202388, 8557, 2643772.05, 881.26, 8051
Lang, 36, 6.7%, 0, 1.32, 2.02, 2.83, 10.44, 0.88, 1.09, 11.78, 0.83, 0.32, 14.5%, 409.86, 0.07, 265, 1087258538.48, 1.00, 43667, 3341055, 6337, 275, 768, 84493, 3664, 141162, 62094, 29, 26079, 311, 8438, 49, 203256, 8487, 2652701.97, 884.23, 8045
Lang, 37, 6.7%, 0, 1.30, 1.98, 2.83, 10.16, 0.88, 1.09, 12.33, 0.80, 0.32, 14.2%, 410.62, 0.07, 265, 1097564210.14, 1.00, 44502, 3366453, 6343, 275, 768, 85576, 3836, 142176, 62510, 29, 26523, 311, 8483, 49, 204686, 8532, 2672926.56, 890.98, 8215
Lang, 38, 6.7%, 0, 1.30, 1.98, 2.83, 10.16, 0.88, 1.09, 12.33, 0.80, 0.32, 14.2%, 410.62, 0.07, 265, 1097564210.14, 1.00, 44502, 3366453, 6343, 275, 768, 85576, 3836, 142176, 62510, 29, 26523, 311, 8483, 49, 204686, 8532, 2672926.56, 890.98, 8215
Lang, 39, 6.7%, 0, 1.30, 1.98, 2.83, 10.16, 0.88, 1.09, 12.33, 0.80, 0.32, 14.2%, 410.62, 0.07, 265, 1097564210.14, 1.00, 44502, 3366453, 6343, 275, 768, 85576, 3836, 142176, 62510, 29, 26523, 311, 8483, 49, 204686, 8532, 2672926.56, 890.98, 8215
Lang, 40, 6.7%, 0, 1.30, 1.98, 2.83, 10.16, 0.88, 1.09, 12.33, 0.80, 0.32, 14.2%, 410.62, 0.07, 265, 1097564210.14, 1.00, 44502, 3366453, 6343, 275, 768, 85576, 3836, 142176, 62510, 29, 26523, 311, 8483, 49, 204686, 8532, 2672926.56, 890.98, 8215
Lang, 41, 7.1%, 0, 1.29, 1.98, 2.90, 10.09, 0.91, 1.16, 12.60, 0.80, 0.35, 14%, 423.81, 0.07, 264, 1125538061.67, 1.00, 44513, 3339855, 6259, 281, 771, 85614, 3858, 141484, 62705, 29, 26542, 306, 8179, 49, 204189, 8228, 2655748.71, 885.25, 8267
Lang, 42, 9.5%, 0, 1.27, 1.89, 3.08, 9.32, 1.06, 1.00, 11.23, 0.75, 0.44, 14.3%, 441.34, 0.10, 321, 1325787031.21, 1.00, 51414, 3809642, 7356, 447, 921, 99656, 4698, 158108, 71073, 29, 30514, 418, 8777, 49, 229181, 8826, 3004000.04, 1001.33, 9791
Lang, 43, 9.5%, 0, 1.27, 1.89, 3.08, 9.32, 1.06, 1.00, 11.23, 0.75, 0.44, 14.2%, 441.66, 0.10, 321, 1326405973.01, 1.00, 51408, 3808986, 7351, 447, 921, 99642, 4697, 158081, 71060, 29, 30509, 418, 8769, 49, 229141, 8818, 3003175.96, 1001.06, 9790
Lang, 44, 9.5%, 0, 1.27, 1.89, 3.08, 9.30, 1.07, 0.97, 11.19, 0.75, 0.45, 14.2%, 445.09, 0.10, 320, 1322737972.82, 1.00, 51036, 3777869, 7290, 447, 907, 98930, 4669, 156619, 70552, 29, 30197, 417, 8621, 49, 227171, 8670, 2971809.28, 990.6, 9759
Lang, 45, 9.6%, 0, 1.27, 1.89, 3.08, 9.30, 1.07, 0.96, 11.21, 0.75, 0.45, 14.2%, 445.42, 0.10, 319, 1322096543.60, 1.00, 50977, 3771506, 7274, 446, 905, 98777, 4665, 156461, 70477, 29, 30167, 416, 8606, 49, 226938, 8655, 2968194.29, 989.4, 9743
Lang, 46, 9.3%, 0, 1.27, 1.88, 3.11, 9.20, 1.09, 0.96, 11.45, 0.73, 0.45, 14.3%, 438.25, 0.09, 300, 1242233007.26, 1.00, 48753, 3593119, 7008, 433, 866, 94788, 4513, 149561, 67844, 26, 29040, 394, 8361, 49, 217405, 8410, 2834502.49, 944.83, 9343
Lang, 47, 9.5%, 0, 1.26, 1.87, 3.35, 9.10, 1.01, 0.91, 10.55, 0.72, 0.49, 14.3%, 444.67, 0.10, 340, 1277472282.63, 1.00, 49657, 3645076, 7107, 444, 918, 96575, 4624, 151368, 68545, 26, 29445, 438, 8510, 50, 219913, 8560, 2872810.40, 957.6, 9522
Lang, 48, 9.6%, 0, 1.26, 1.87, 3.35, 9.12, 1.01, 0.90, 10.35, 0.72, 0.49, 14.3%, 443.98, 0.10, 339, 1249940340.91, 1.00, 48817, 3565244, 7019, 444, 908, 94805, 4525, 148486, 67442, 26, 28986, 437, 8361, 50, 215928, 8411, 2815282.56, 938.43, 9332
Lang, 49, 9.6%, 0, 1.26, 1.86, 3.35, 9.10, 1.02, 0.91, 10.30, 0.72, 0.49, 14.3%, 442.56, 0.10, 337, 1231431395.07, 1.00, 48326, 3527836, 6958, 444, 907, 93818, 4482, 146771, 66841, 26, 28707, 435, 8291, 50, 213612, 8341, 2782510.90, 927.5, 9235
Lang, 50, 9.6%, 0, 1.26, 1.87, 3.16, 9.12, 1.09, 0.98, 10.96, 0.72, 0.46, 14.2%, 441.54, 0.10, 307, 1210155583.95, 1.00, 47709, 3479799, 6819, 443, 898, 92454, 4417, 144704, 65975, 26, 28339, 403, 8193, 50, 210679, 8243, 2740713.37, 913.57, 9109
Lang, 51, 9.4%, 0, 1.26, 1.87, 3.13, 9.16, 1.12, 0.97, 11.27, 0.72, 0.46, 14.3%, 438.77, 0.09, 288, 1178051069.67, 1.00, 46534, 3407411, 6699, 428, 835, 90326, 4308, 142234, 64866, 26, 27746, 382, 7942, 49, 207100, 7991, 2684877.60, 894.96, 8876
Lang, 52, 9.4%, 0, 1.26, 1.86, 3.13, 9.16, 1.12, 0.97, 11.27, 0.72, 0.46, 14.3%, 438.83, 0.09, 288, 1178037616.59, 1.00, 46528, 3407123, 6699, 428, 835, 90321, 4308, 142217, 64859, 26, 27742, 382, 7940, 49, 207076, 7989, 2684491.68, 894.83, 8875
Lang, 53, 9.4%, 0, 1.26, 1.87, 3.13, 9.16, 1.12, 0.97, 11.24, 0.72, 0.46, 14.3%, 440.23, 0.09, 288, 1180122744.45, 1.00, 46425, 3399685, 6678, 428, 834, 90057, 4297, 142150, 64716, 26, 27693, 382, 7911, 49, 206866, 7960, 2680683.96, 893.56, 8855
Lang, 54, 7.9%, 0, 1.27, 1.90, 3.10, 9.37, 1.13, 1.07, 12.07, 0.73, 0.42, 14.3%, 432.89, 0.08, 266, 1122975134.93, 1.00, 44717, 3265897, 6419, 384, 769, 86422, 4081, 137679, 62841, 24, 26745, 338, 7792, 49, 200520, 7841, 2594091.53, 864.7, 8514
Lang, 55, 7.9%, 0, 1.27, 1.90, 3.10, 9.38, 1.13, 1.07, 12.07, 0.73, 0.42, 14.3%, 432.93, 0.08, 266, 1123591308.09, 1.00, 44727, 3265628, 6420, 384, 769, 86401, 4081, 137744, 62860, 24, 26757, 338, 7795, 49, 200604, 7844, 2595288.93, 865.1, 8513
Lang, 56, 8.2%, 0, 1.28, 1.92, 3.11, 9.44, 1.16, 1.10, 12.23, 0.73, 0.41, 14.3%, 433.18, 0.08, 265, 1119137036.07, 1.00, 44547, 3247281, 6410, 384, 767, 85878, 4025, 137135, 62668, 24, 26642, 329, 7756, 49, 199803, 7805, 2583489.33, 861.16, 8485
Lang, 57, 8.2%, 0, 1.28, 1.92, 3.11, 9.44, 1.16, 1.10, 12.23, 0.73, 0.41, 14.3%, 433.20, 0.08, 265, 1119074741.45, 1.00, 44540, 3246806, 6406, 384, 767, 85863, 4024, 137124, 62661, 24, 26637, 329, 7755, 49, 199785, 7804, 2583219.66, 861.07, 8484
Lang, 58, 8.2%, 0, 1.27, 1.92, 3.11, 9.44, 1.16, 1.09, 12.22, 0.73, 0.41, 14.3%, 433.54, 0.08, 265, 1118345823.20, 1.00, 44505, 3243823, 6390, 384, 766, 85788, 4022, 136930, 62618, 24, 26616, 329, 7738, 49, 199548, 7787, 2579527.44, 859.84, 8481
Lang, 59, 8.2%, 0, 1.27, 1.91, 3.11, 9.43, 1.16, 1.09, 12.21, 0.73, 0.41, 14.3%, 433.49, 0.08, 265, 1115774315.55, 1.00, 44437, 3240260, 6385, 384, 766, 85708, 4018, 136631, 62527, 24, 26582, 329, 7722, 49, 199158, 7771, 2573894.99, 857.96, 8467
Lang, 60, 8.2%, 0, 1.27, 1.91, 3.10, 9.43, 1.16, 1.09, 12.19, 0.73, 0.41, 14.3%, 433.44, 0.08, 265, 1112722048.22, 1.00, 44361, 3235300, 6381, 384, 766, 85591, 4013, 136278, 62414, 24, 26534, 329, 7703, 49, 198692, 7752, 2567170.74, 855.72, 8452
Lang, 61, 8.2%, 0, 1.27, 1.91, 3.10, 9.43, 1.16, 1.09, 12.19, 0.73, 0.41, 14.3%, 433.55, 0.08, 265, 1112795435.46, 1.00, 44355, 3234880, 6380, 384, 766, 85583, 4012, 136259, 62405, 24, 26530, 329, 7700, 49, 198664, 7749, 2566698.04, 855.57, 8451
Lang, 62, 8.2%, 0, 1.27, 1.91, 3.10, 9.43, 1.16, 1.09, 12.18, 0.73, 0.41, 14.3%, 433.77, 0.08, 265, 1112928293.12, 1.00, 44336, 3233974, 6379, 384, 766, 85561, 4010, 136222, 62382, 24, 26519, 329, 7694, 49, 198604, 7743, 2565700.91, 855.23, 8447
Lang, 63, 8.2%, 0, 1.27, 1.91, 3.10, 9.40, 1.16, 1.09, 12.13, 0.73, 0.41, 14.3%, 432.37, 0.08, 265, 1102058577.66, 1.00, 44046, 3216741, 6333, 384, 766, 85047, 3992, 135396, 61965, 24, 26350, 329, 7672, 49, 197361, 7721, 2548832.84, 849.61, 8381
Lang, 64, 8.2%, 0, 1.27, 1.91, 3.11, 9.39, 1.17, 1.09, 12.18, 0.73, 0.42, 14.3%, 431.09, 0.08, 265, 1092311894.04, 1.00, 43819, 3160908, 6291, 384, 763, 84164, 3972, 134608, 61651, 24, 26202, 326, 7650, 49, 196259, 7699, 2533793.05, 844.6, 8341
Lang, 65, 8.4%, 0, 1.27, 1.90, 3.10, 9.37, 1.18, 1.14, 12.29, 0.73, 0.41, 14.3%, 428.47, 0.08, 262, 1073437558.14, 1.00, 43324, 3124361, 6225, 379, 765, 83207, 3935, 133106, 61054, 24, 25896, 320, 7611, 49, 194160, 7660, 2505271.46, 835.09, 8252
Math, 1, 11.4%, 0, 1.19, 2.01, 2.48, 11.07, 0.76, 1.51, 5.62, 0.77, 0.67, 14.6%, 337.78, 0.14, 1234, 3760843230.36, 1.00, 170556, 12009080, 24922, 1615, 4294, 305915, 11808, 500615, 226287, 140, 91256, 2099, 40756, 55, 726902, 40811, 11133718.37, 3711.24, 27137
Math, 2, 11.5%, 0, 1.20, 2.01, 2.49, 11.08, 0.77, 1.51, 5.64, 0.77, 0.68, 14.5%, 336.50, 0.14, 1220, 3722837261.15, 1.00, 169384, 11919622, 24704, 1605, 4268, 303604, 11725, 497509, 224962, 140, 90700, 2078, 40658, 55, 722471, 40713, 11063344.29, 3687.78, 26984
Math, 3, 11.3%, 0, 1.20, 2.02, 2.49, 11.04, 0.78, 1.54, 5.71, 0.77, 0.67, 14.7%, 329.61, 0.14, 1173, 3560952020.97, 1.00, 165116, 11650497, 24285, 1567, 4188, 296819, 11438, 486341, 219291, 138, 88473, 2001, 40576, 55, 705632, 40631, 10803432.84, 3601.14, 26395
Math, 4, 11.4%, 0, 1.20, 2.02, 2.49, 11.03, 0.78, 1.56, 5.73, 0.77, 0.67, 14.6%, 328.96, 0.14, 1163, 3540922116.31, 1.00, 164489, 11605000, 24156, 1561, 4179, 295602, 11406, 484642, 218506, 138, 88074, 1988, 40514, 55, 703148, 40569, 10763852.95, 3587.95, 26322
Math, 5, 11.6%, 0, 1.19, 2.02, 2.49, 11.03, 0.78, 1.57, 5.78, 0.77, 0.68, 14.6%, 321.61, 0.14, 1131, 3397884932.36, 1.00, 161426, 11382515, 23691, 1530, 4101, 289713, 11201, 476186, 214840, 131, 86309, 1937, 39976, 54, 691026, 40030, 10564954.15, 3521.65, 25834
Math, 6, 11.6%, 0, 1.19, 2.02, 2.49, 11.01, 0.78, 1.57, 5.78, 0.77, 0.68, 14.7%, 322.86, 0.14, 1126, 3398885486.07, 1.00, 160883, 11342165, 23662, 1525, 4094, 288814, 11182, 474777, 214230, 129, 86062, 1933, 39704, 54, 689007, 39758, 10527308.71, 3509.1, 25780
Math, 7, 11.7%, 0, 1.19, 2.01, 2.49, 11.01, 0.79, 1.58, 5.81, 0.77, 0.68, 14.6%, 322.48, 0.14, 1123, 3387460995.93, 1.00, 160396, 11297159, 23442, 1523, 4077, 287756, 11148, 473774, 213790, 129, 85840, 1918, 39667, 54, 687564, 39721, 10504337.61, 3501.45, 25677
Math, 8, 11.8%, 0, 1.19, 2.02, 2.48, 11.01, 0.79, 1.58, 5.80, 0.77, 0.68, 14.6%, 324.75, 0.15, 1114, 3371620767.34, 1.00, 158746, 11194574, 23235, 1509, 4046, 285083, 11026, 468860, 211822, 127, 84942, 1898, 38981, 54, 680682, 39035, 10382089.03, 3460.7, 25432
Math, 9, 11.9%, 0, 1.19, 2.02, 2.48, 11.02, 0.79, 1.59, 5.80, 0.77, 0.68, 14.6%, 324.07, 0.15, 1109, 3354624763.24, 1.00, 158199, 11151684, 23153, 1501, 4036, 283932, 10977, 467485, 211237, 127, 84661, 1890, 38948, 54, 678722, 39002, 10351366.01, 3450.46, 25319
Math, 10, 11.8%, 0, 1.18, 2.03, 2.48, 11.08, 0.78, 1.59, 5.61, 0.77, 0.68, 14.7%, 310.46, 0.15, 1102, 3066911807.96, 1.00, 153914, 10854859, 22701, 1479, 4024, 277202, 10559, 446218, 201720, 127, 82151, 1881, 38806, 54, 647938, 38860, 9878461.63, 3292.82, 24542
Math, 11, 11.8%, 0, 1.18, 2.03, 2.48, 11.06, 0.78, 1.58, 5.59, 0.77, 0.68, 14.7%, 306.37, 0.15, 1096, 2979529821.83, 1.00, 153023, 10765855, 22568, 1473, 4009, 275603, 10511, 438830, 199258, 127, 81571, 1877, 38673, 54, 638088, 38727, 9725132.46, 3241.71, 24457
Math, 12, 11.8%, 0, 1.18, 2.03, 2.48, 11.06, 0.78, 1.58, 5.59, 0.77, 0.68, 14.7%, 306.13, 0.15, 1095, 2973067687.06, 1.00, 152836, 10757134, 22563, 1473, 4008, 275358, 10497, 438257, 198981, 127, 81447, 1876, 38653, 54, 637238, 38707, 9711702.67, 3237.23, 24422
Math, 13, 11.8%, 0, 1.18, 2.03, 2.48, 11.06, 0.78, 1.58, 5.59, 0.77, 0.68, 14.7%, 306.12, 0.15, 1095, 2972403776.42, 1.00, 152798, 10754896, 22556, 1474, 4008, 275301, 10495, 438178, 198943, 127, 81421, 1876, 38647, 54, 637121, 38701, 9709777.06, 3236.59, 24419
Math, 14, 11.8%, 0, 1.18, 2.03, 2.48, 11.06, 0.78, 1.58, 5.59, 0.77, 0.68, 14.7%, 306.07, 0.15, 1095, 2971263604.88, 1.00, 152772, 10753657, 22556, 1474, 4008, 275271, 10494, 438100, 198890, 127, 81403, 1876, 38647, 54, 636990, 38701, 9707780.61, 3235.93, 24415
Math, 15, 12.5%, 0, 1.19, 2.01, 2.48, 10.90, 0.78, 1.61, 5.92, 0.77, 0.68, 14.8%, 278.15, 0.16, 933, 2430981007.56, 1.00, 137151, 9641042, 20381, 1267, 3557, 248157, 9600, 395499, 178323, 107, 72838, 1620, 38390, 54, 573822, 38444, 8739579.23, 2913.19, 22001
Math, 16, 12.5%, 0, 1.19, 2.01, 2.48, 10.90, 0.78, 1.61, 5.92, 0.77, 0.68, 14.8%, 278.11, 0.16, 933, 2429929790.62, 1.00, 137114, 9639788, 20381, 1267, 3556, 248117, 9598, 395403, 178256, 107, 72821, 1620, 38386, 54, 573659, 38440, 8737010.55, 2912.34, 21992
Math, 17, 12.7%, 0, 1.19, 2.02, 2.49, 10.88, 0.78, 1.63, 5.91, 0.77, 0.68, 14.9%, 278.55, 0.16, 922, 2378682514.53, 1.00, 134053, 9415312, 20061, 1248, 3506, 242649, 9385, 386845, 175091, 107, 71540, 1587, 37497, 54, 561936, 37551, 8539496.22, 2846.5, 21574
Math, 18, 12.7%, 0, 1.19, 2.02, 2.49, 10.86, 0.78, 1.63, 5.93, 0.77, 0.68, 14.9%, 279.41, 0.16, 920, 2378526307.79, 1.00, 133553, 9367549, 19952, 1240, 3499, 241614, 9370, 385682, 174795, 107, 71394, 1579, 37268, 54, 560477, 37322, 8512378.21, 2837.46, 21542
Math, 19, 12.8%, 0, 1.19, 2.02, 2.49, 10.85, 0.78, 1.63, 5.93, 0.77, 0.68, 14.9%, 279.54, 0.16, 917, 2373430819.48, 1.00, 133215, 9342875, 19881, 1239, 3497, 241075, 9354, 384784, 174395, 107, 71243, 1577, 37165, 54, 559179, 37219, 8490435.07, 2830.15, 21500
Math, 20, 12.8%, 0, 1.19, 2.02, 2.49, 10.85, 0.78, 1.63, 5.93, 0.77, 0.68, 14.9%, 279.51, 0.16, 917, 2372785868.80, 1.00, 133192, 9341011, 19877, 1239, 3497, 241036, 9352, 384724, 174363, 107, 71229, 1576, 37163, 54, 559087, 37217, 8488994.82, 2829.66, 21495
Math, 21, 12.5%, 0, 1.19, 2.02, 2.49, 10.84, 0.78, 1.64, 5.93, 0.77, 0.68, 14.9%, 278.41, 0.16, 916, 2345253760.23, 1.00, 132322, 9250670, 19739, 1230, 3477, 239349, 9299, 381609, 173398, 107, 70801, 1568, 37008, 54, 555007, 37062, 8423703.72, 2807.9, 21398
Math, 22, 12.3%, 0, 1.19, 2.02, 2.49, 10.84, 0.78, 1.64, 5.95, 0.77, 0.68, 14.9%, 277.76, 0.15, 911, 2331855750.80, 1.00, 132014, 9205277, 19723, 1226, 3474, 238369, 9280, 380159, 173037, 107, 70612, 1558, 36953, 54, 553196, 37007, 8395031.74, 2798.34, 21382
Math, 23, 12.3%, 0, 1.19, 2.02, 2.49, 10.83, 0.78, 1.64, 5.95, 0.77, 0.68, 14.9%, 277.62, 0.15, 911, 2329571416.10, 1.00, 131903, 9193658, 19703, 1226, 3474, 238200, 9279, 379940, 172992, 107, 70585, 1558, 36950, 54, 552932, 37004, 8390960.73, 2796.99, 21374
Math, 24, 12.3%, 0, 1.19, 2.02, 2.49, 10.82, 0.78, 1.64, 5.95, 0.77, 0.68, 14.9%, 277.43, 0.15, 911, 2325827703.41, 1.00, 131713, 9177559, 19696, 1226, 3474, 237888, 9277, 379577, 172859, 107, 70511, 1558, 36940, 54, 552436, 36994, 8383218.33, 2794.41, 21354
Math, 25, 12.1%, 0, 1.19, 2.02, 2.48, 10.76, 0.77, 1.62, 5.85, 0.77, 0.66, 15%, 281.08, 0.15, 904, 2321194657.44, 1.00, 129211, 8988922, 19509, 1218, 3424, 233965, 9208, 374263, 171322, 107, 69621, 1574, 35950, 54, 545585, 36004, 8257903.40, 2752.63, 21177
Math, 26, 12%, 0, 1.17, 2.00, 2.48, 10.70, 0.77, 1.64, 5.78, 0.76, 0.66, 15.1%, 276.62, 0.15, 890, 2210552984.75, 1.00, 125921, 8745097, 19051, 1203, 3404, 228445, 8986, 362690, 166055, 105, 67524, 1554, 35401, 54, 528745, 35455, 7991294.08, 2663.76, 20532
Math, 27, 12%, 0, 1.17, 2.00, 2.48, 10.70, 0.77, 1.64, 5.78, 0.76, 0.66, 15.1%, 276.62, 0.15, 890, 2210561927.08, 1.00, 125919, 8745015, 19051, 1203, 3404, 228442, 8986, 362687, 166051, 105, 67522, 1554, 35400, 54, 528738, 35454, 7991166.77, 2663.72, 20532
Math, 28, 12%, 0, 1.17, 2.00, 2.48, 10.70, 0.77, 1.64, 5.78, 0.76, 0.66, 15.1%, 276.62, 0.15, 890, 2210329242.84, 1.00, 125907, 8744398, 19049, 1203, 3404, 228427, 8985, 362656, 166031, 105, 67517, 1554, 35397, 54, 528687, 35451, 7990331.43, 2663.44, 20529
Math, 29, 12%, 0, 1.16, 1.99, 2.48, 10.67, 0.75, 1.65, 5.82, 0.77, 0.67, 15.1%, 273.99, 0.15, 868, 2156671099.37, 1.00, 124009, 8599963, 18807, 1161, 3362, 224810, 8906, 357500, 163545, 103, 66419, 1528, 35229, 54, 521045, 35283, 7871263.00, 2623.75, 20206
Math, 30, 12%, 0, 1.16, 1.99, 2.48, 10.69, 0.75, 1.65, 5.80, 0.77, 0.67, 15.1%, 273.94, 0.15, 868, 2153740117.60, 1.00, 123813, 8590741, 18789, 1160, 3359, 224490, 8871, 357108, 163372, 103, 66345, 1527, 35197, 54, 520480, 35251, 7862046.39, 2620.68, 20146
Math, 31, 12%, 0, 1.16, 2.00, 2.49, 10.74, 0.76, 1.67, 5.80, 0.77, 0.66, 15.2%, 274.27, 0.15, 863, 2150911998.64, 1.00, 123201, 8556601, 18770, 1158, 3362, 223423, 8754, 356236, 163105, 103, 66239, 1508, 35068, 54, 519341, 35122, 7842094.48, 2614.03, 19981
Math, 32, 12%, 0, 1.16, 2.00, 2.49, 10.73, 0.76, 1.67, 5.81, 0.77, 0.66, 15.2%, 274.18, 0.15, 859, 2142311922.55, 1.00, 122747, 8523741, 18680, 1155, 3346, 222545, 8728, 355051, 162534, 103, 65934, 1502, 34963, 54, 517585, 35017, 7813343.01, 2604.45, 19922
Math, 33, 12.1%, 0, 1.16, 2.00, 2.49, 10.70, 0.77, 1.66, 5.81, 0.77, 0.67, 15.2%, 272.71, 0.15, 852, 2107667640.90, 1.00, 121740, 8460309, 18552, 1150, 3313, 220907, 8677, 351656, 160506, 103, 65319, 1492, 34815, 54, 512162, 34869, 7728349.09, 2576.12, 19756
Math, 34, 12.1%, 0, 1.16, 2.00, 2.49, 10.71, 0.77, 1.66, 5.84, 0.77, 0.67, 15.2%, 273.30, 0.15, 845, 2103017380.13, 1.00, 121178, 8416381, 18451, 1143, 3290, 219707, 8620, 350496, 159709, 103, 64935, 1475, 34626, 54, 510205, 34680, 7694818.07, 2564.94, 19661
Math, 35, 12.2%, 0, 1.16, 2.00, 2.49, 10.72, 0.77, 1.67, 5.86, 0.77, 0.66, 15.2%, 273.10, 0.15, 845, 2099309257.72, 1.00, 121030, 8407025, 18440, 1143, 3290, 219503, 8600, 350135, 159549, 103, 64863, 1466, 34615, 54, 509684, 34669, 7686727.17, 2562.24, 19633
Math, 36, 12.1%, 0, 1.16, 2.01, 2.49, 10.72, 0.77, 1.69, 5.84, 0.77, 0.66, 15.2%, 271.72, 0.15, 851, 2105650139.38, 1.00, 121866, 8432392, 18544, 1147, 3332, 220302, 8633, 352484, 160757, 103, 65195, 1477, 35024, 54, 513241, 35078, 7749055.74, 2583.02, 19778
Math, 37, 12.8%, 0, 1.15, 1.99, 2.51, 10.63, 0.77, 1.67, 5.86, 0.78, 0.66, 15.2%, 273.13, 0.16, 864, 2119467226.41, 1.00, 122181, 8495717, 18663, 1154, 3340, 221978, 8747, 353313, 160779, 103, 65291, 1492, 34926, 54, 514092, 34980, 7759829.40, 2586.61, 19877
Math, 38, 12.8%, 0, 1.15, 2.00, 2.51, 10.68, 0.77, 1.66, 5.76, 0.79, 0.66, 15.3%, 271.11, 0.16, 860, 2073566804.64, 1.00, 120231, 8376231, 18458, 1142, 3296, 218765, 8541, 348368, 158664, 103, 64219, 1482, 34694, 54, 507032, 34748, 7648396.36, 2549.47, 19519
Math, 39, 12.8%, 0, 1.15, 2.00, 2.51, 10.68, 0.77, 1.66, 5.76, 0.79, 0.66, 15.3%, 271.09, 0.16, 860, 2072876148.94, 1.00, 120184, 8373404, 18451, 1142, 3296, 218696, 8539, 348270, 158630, 103, 64206, 1482, 34686, 54, 506900, 34740, 7646236.80, 2548.75, 19513
Math, 40, 13%, 0, 1.15, 2.00, 2.52, 10.67, 0.77, 1.66, 5.77, 0.79, 0.66, 15.3%, 270.99, 0.16, 860, 2070348365.99, 1.00, 120257, 8379315, 18512, 1143, 3286, 218830, 8533, 348142, 158326, 103, 64134, 1478, 34686, 54, 506468, 34740, 7639720.38, 2546.57, 19481
Math, 41, 13%, 0, 1.15, 2.00, 2.52, 10.67, 0.77, 1.66, 5.77, 0.79, 0.66, 15.4%, 270.93, 0.16, 860, 2069164214.53, 1.00, 120225, 8378843, 18521, 1144, 3292, 218801, 8531, 347997, 158313, 103, 64119, 1477, 34680, 54, 506310, 34734, 7637210.89, 2545.74, 19488
Math, 42, 13%, 0, 1.15, 2.00, 2.52, 10.67, 0.77, 1.66, 5.77, 0.80, 0.66, 15.3%, 270.70, 0.16, 860, 2064834780.75, 1.00, 120125, 8371683, 18482, 1144, 3292, 218624, 8527, 347581, 158116, 103, 64047, 1477, 34668, 54, 505697, 34722, 7627712.26, 2542.57, 19480
Math, 43, 13%, 0, 1.15, 2.00, 2.52, 10.67, 0.77, 1.66, 5.75, 0.78, 0.66, 15.4%, 287.03, 0.16, 858, 2154874256.47, 1.00, 119448, 8315192, 18442, 1141, 3272, 217691, 8496, 343714, 157335, 103, 63803, 1475, 32331, 54, 501049, 32385, 7507236.26, 2502.41, 19414
Math, 44, 13.9%, 0, 1.15, 2.00, 2.51, 10.63, 0.76, 1.64, 5.74, 0.78, 0.67, 15.5%, 285.33, 0.17, 839, 2125057766.99, 1.00, 118472, 8272062, 18398, 1125, 3237, 216838, 8453, 340999, 156160, 103, 63403, 1472, 32267, 54, 497159, 32321, 7447533.40, 2482.51, 19313
Math, 45, 15%, 0, 1.16, 2.02, 2.49, 10.66, 0.82, 1.74, 6.03, 0.79, 0.65, 15.5%, 282.90, 0.18, 812, 2078989836.59, 1.00, 116631, 8131076, 18191, 1118, 3181, 213744, 8231, 336557, 154228, 103, 62449, 1363, 32121, 54, 490785, 32175, 7348844.05, 2449.61, 19030
Math, 46, 15.4%, 0, 1.15, 2.03, 2.48, 10.61, 0.84, 1.74, 6.15, 0.79, 0.65, 15.5%, 355.34, 0.18, 775, 2376052928.63, 1.00, 106183, 7584106, 16561, 1087, 3010, 199564, 7959, 317425, 141790, 103, 60090, 1294, 24119, 54, 459215, 24173, 6686679.62, 2228.89, 18471
Math, 47, 15.4%, 0, 1.15, 2.03, 2.48, 10.61, 0.84, 1.74, 6.15, 0.79, 0.65, 15.5%, 355.35, 0.18, 775, 2376200774.80, 1.00, 106184, 7583973, 16558, 1087, 3009, 199562, 7959, 317433, 141799, 103, 60091, 1294, 24119, 54, 459232, 24173, 6686927.16, 2228.98, 18470
Math, 48, 15.4%, 0, 1.15, 2.03, 2.49, 10.63, 0.84, 1.74, 6.13, 0.79, 0.65, 15.5%, 355.89, 0.18, 777, 2382989400.76, 1.00, 106366, 7599488, 16574, 1092, 3013, 199857, 7952, 317935, 141899, 103, 60154, 1297, 24120, 54, 459834, 24174, 6695720.39, 2231.91, 18510
Math, 49, 15.6%, 0, 1.15, 2.04, 2.49, 10.60, 0.82, 1.73, 6.18, 0.79, 0.65, 15.7%, 354.96, 0.18, 777, 2362172011.62, 1.00, 105720, 7543798, 16626, 1064, 2962, 198781, 7956, 315981, 141198, 103, 60105, 1286, 24035, 54, 457179, 24089, 6654737.24, 2218.25, 18496
Math, 50, 15.6%, 0, 1.15, 2.04, 2.49, 10.60, 0.82, 1.73, 6.18, 0.80, 0.65, 15.7%, 354.89, 0.18, 777, 2361330865.49, 1.00, 105706, 7542358, 16621, 1064, 2960, 198748, 7953, 315921, 141182, 103, 60088, 1286, 24035, 54, 457103, 24089, 6653630.98, 2217.88, 18505
Math, 51, 25.5%, 471, 1.16, 2.21, 2.61, 8.83, 1.27, 2.04, 6.39, 1.08, 1.05, 22.1%, 527.43, -0.18, 535, 1465917182.32, 0.53, 54296, 4625871, 12050, 907, 2086, 126334, 4544, 145772, 70537, 51, 30392, 711, 7324, 53, 216309, 7377, 2779315.08, 926.44, 12081
Math, 52, 15.8%, 0, 1.15, 1.99, 2.48, 10.39, 0.82, 1.74, 6.23, 0.79, 0.65, 15.6%, 348.76, 0.18, 767, 2249474769.27, 1.00, 102918, 7377006, 16142, 1043, 2921, 194736, 7896, 307220, 136347, 103, 58192, 1266, 23784, 54, 443567, 23838, 6449896.91, 2149.97, 17947
Math, 53, 15.9%, 0, 1.14, 1.97, 2.47, 10.23, 0.82, 1.75, 6.23, 0.78, 0.64, 15.7%, 349.45, 0.18, 754, 2154528278.42, 1.00, 99112, 7150458, 15637, 1025, 2865, 188903, 7698, 295506, 130222, 103, 55890, 1235, 22832, 54, 425728, 22886, 6165468.55, 2055.16, 17268
Math, 54, 15.5%, 0, 1.15, 1.98, 2.48, 10.36, 0.80, 1.76, 6.26, 0.78, 0.64, 15.6%, 337.46, 0.18, 701, 1930281887.70, 1.00, 91925, 6589487, 14429, 911, 2719, 174417, 7085, 274758, 121701, 89, 52501, 1131, 21983, 54, 396459, 22037, 5719967.81, 1906.66, 15971
Math, 55, 15.5%, 0, 1.15, 1.99, 2.48, 10.36, 0.80, 1.77, 6.26, 0.78, 0.65, 15.6%, 335.52, 0.18, 695, 1901222756.62, 1.00, 91180, 6530600, 14314, 906, 2703, 172947, 7031, 272246, 120637, 89, 52018, 1122, 21908, 54, 392883, 21962, 5666442.21, 1888.81, 15879
Math, 56, 15.5%, 0, 1.15, 1.99, 2.48, 10.36, 0.80, 1.77, 6.26, 0.78, 0.65, 15.6%, 335.57, 0.18, 695, 1901226865.40, 1.00, 91176, 6529586, 14305, 906, 2703, 172924, 7030, 272205, 120625, 89, 52014, 1122, 21901, 54, 392830, 21955, 5665497.14, 1888.5, 15879
Math, 57, 15.6%, 0, 1.14, 1.97, 2.73, 10.11, 0.89, 1.77, 6.28, 0.78, 0.65, 15.8%, 330.84, 0.18, 686, 1849342904.90, 1.00, 90231, 6495198, 14330, 1008, 2702, 172088, 7041, 267506, 120197, 89, 51786, 1121, 21831, 54, 387703, 21885, 5589768.00, 1863.26, 15944
Math, 58, 15.7%, 0, 1.14, 1.97, 2.76, 10.08, 0.91, 1.78, 6.27, 0.78, 0.65, 15.9%, 328.71, 0.18, 680, 1822053027.46, 1.00, 89424, 6456937, 14237, 1019, 2701, 170956, 6974, 264990, 119585, 89, 51502, 1111, 21766, 54, 384575, 21820, 5543019.26, 1847.67, 15859
Math, 59, 16%, 0, 1.15, 1.95, 2.79, 10.04, 0.92, 1.76, 6.28, 0.78, 0.65, 15.9%, 325.85, 0.19, 669, 1757031363.43, 1.00, 87470, 6347006, 13972, 1005, 2617, 168119, 6842, 258382, 116334, 88, 50207, 1088, 21409, 54, 374716, 21463, 5391999.90, 1797.33, 15467
Math, 60, 16.2%, 0, 1.15, 1.96, 2.81, 10.06, 0.91, 1.78, 6.26, 0.78, 0.65, 15.9%, 325.89, 0.19, 664, 1737251877.56, 1.00, 86515, 6256608, 13773, 988, 2610, 165635, 6761, 255670, 115183, 88, 49746, 1079, 21182, 54, 370853, 21236, 5330724.25, 1776.91, 15284
Math, 61, 15.8%, 0, 1.15, 1.93, 2.87, 10.01, 0.90, 1.79, 6.57, 0.76, 0.66, 15.3%, 348.95, 0.19, 730, 2025418216.98, 1.00, 94793, 6751370, 14547, 1036, 2805, 178847, 7564, 277522, 125723, 91, 53831, 1151, 21473, 54, 403245, 21527, 5804251.93, 1934.75, 16824
Math, 62, 15.9%, 0, 1.15, 1.93, 2.86, 10.03, 0.90, 1.79, 6.58, 0.76, 0.66, 15.3%, 349.35, 0.19, 729, 2028349007.39, 1.00, 94871, 6752662, 14530, 1034, 2800, 178954, 7561, 277686, 125701, 91, 53803, 1148, 21461, 54, 403387, 21515, 5805971.36, 1935.32, 16819
Math, 63, 16.2%, 0, 1.14, 1.87, 2.87, 9.62, 0.86, 1.76, 6.50, 0.77, 0.66, 15.3%, 423.71, 0.19, 713, 2154171977.46, 1.00, 88347, 6329026, 13519, 976, 2668, 168525, 7331, 251864, 113353, 89, 50355, 1127, 15455, 52, 365217, 15507, 5084051.45, 1694.68, 15761
Math, 64, 15.9%, 0, 1.13, 1.85, 2.85, 9.48, 0.87, 1.82, 6.58, 0.76, 0.66, 15.2%, 425.37, 0.19, 728, 2106878783.27, 1.00, 86391, 6200934, 13210, 965, 2687, 164868, 7294, 246816, 109876, 89, 48966, 1108, 15086, 52, 356692, 15138, 4952984.80, 1650.99, 15473
Math, 65, 16%, 0, 1.13, 1.85, 2.85, 9.49, 0.86, 1.82, 6.60, 0.76, 0.66, 15.2%, 425.51, 0.19, 725, 2105710092.51, 1.00, 86238, 6188547, 13171, 960, 2682, 164566, 7288, 246634, 109784, 87, 48884, 1104, 15070, 52, 356418, 15122, 4948636.29, 1649.55, 15455
Math, 66, 16.1%, 0, 1.13, 1.85, 2.84, 9.49, 0.86, 1.82, 6.61, 0.76, 0.66, 15.2%, 430.54, 0.19, 718, 2113333676.52, 1.00, 85607, 6135096, 13056, 951, 2644, 163100, 7246, 245078, 109115, 87, 48647, 1095, 14800, 52, 354193, 14852, 4908537.50, 1636.18, 15363
Math, 67, 16.3%, 0, 1.13, 1.85, 2.85, 9.48, 0.87, 1.83, 6.66, 0.76, 0.66, 15.2%, 430.20, 0.20, 711, 2098519284.45, 1.00, 84957, 6098329, 12974, 943, 2617, 161990, 7201, 243763, 108388, 87, 48264, 1080, 14732, 52, 352151, 14784, 4877907.27, 1625.97, 15250
Math, 68, 16.4%, 0, 1.13, 1.85, 2.83, 9.51, 0.85, 1.61, 6.76, 0.76, 0.66, 15.4%, 423.24, 0.20, 695, 2026919432.72, 1.00, 83586, 5980919, 12933, 894, 2367, 158984, 7086, 239050, 106800, 85, 47180, 1048, 14685, 52, 345850, 14737, 4789038.64, 1596.35, 14959
Math, 69, 16.4%, 0, 1.13, 1.85, 2.83, 9.51, 0.85, 1.61, 6.76, 0.76, 0.66, 15.4%, 423.38, 0.20, 695, 2027596739.38, 1.00, 83593, 5980275, 12931, 894, 2367, 158980, 7086, 239050, 106810, 85, 47185, 1048, 14680, 52, 345860, 14732, 4789007.79, 1596.34, 14960
Math, 70, 16.4%, 0, 1.13, 1.85, 2.83, 9.51, 0.85, 1.61, 6.75, 0.76, 0.66, 15.4%, 423.39, 0.20, 695, 2027207331.09, 1.00, 83584, 5979482, 12931, 894, 2368, 158957, 7084, 239008, 106783, 85, 47175, 1048, 14677, 52, 345791, 14729, 4787950.77, 1595.98, 14957
Math, 71, 16.8%, 0, 1.13, 1.83, 2.86, 9.39, 0.88, 1.68, 6.95, 0.75, 0.66, 15.5%, 408.59, 0.20, 686, 1882629889.03, 1.00, 81838, 5866710, 12758, 889, 2366, 156294, 7012, 229504, 103433, 85, 46108, 1008, 14604, 52, 332937, 14656, 4607582.99, 1535.86, 14643
Math, 72, 16.8%, 0, 1.13, 1.83, 2.90, 9.41, 0.88, 1.66, 6.98, 0.74, 0.65, 15.4%, 406.49, 0.20, 668, 1819060251.40, 1.00, 79784, 5697181, 12364, 863, 2280, 152065, 6814, 223324, 100775, 83, 44890, 976, 14284, 52, 324099, 14336, 4474949.92, 1491.65, 14262
Math, 73, 16.8%, 0, 1.13, 1.83, 2.90, 9.41, 0.88, 1.66, 6.98, 0.74, 0.65, 15.4%, 406.45, 0.20, 668, 1818578590.83, 1.00, 79776, 5696760, 12364, 863, 2280, 152054, 6814, 223286, 100762, 83, 44885, 976, 14283, 52, 324048, 14335, 4474213.13, 1491.4, 14261
Math, 74, 16.8%, 0, 1.14, 1.85, 2.89, 9.51, 0.88, 1.68, 6.99, 0.75, 0.65, 15.4%, 409.34, 0.20, 666, 1857134430.29, 1.00, 80468, 5724997, 12455, 858, 2297, 152843, 6809, 225723, 102731, 83, 45394, 973, 14337, 52, 328454, 14389, 4536829.57, 1512.28, 14388
Math, 75, 16.8%, 0, 1.14, 1.84, 2.89, 9.42, 0.88, 1.69, 7.09, 0.73, 0.65, 15.3%, 408.36, 0.20, 664, 1859545832.09, 1.00, 80891, 5742008, 12446, 858, 2297, 153349, 6906, 226310, 103193, 83, 45846, 973, 14409, 52, 329503, 14461, 4553691.82, 1517.9, 14488
Math, 76, 16.8%, 0, 1.14, 1.84, 2.89, 9.42, 0.88, 1.69, 7.09, 0.73, 0.65, 15.3%, 408.37, 0.20, 664, 1859578304.18, 1.00, 80884, 5741780, 12445, 858, 2297, 153341, 6906, 226304, 103193, 83, 45845, 973, 14408, 52, 329497, 14460, 4553576.02, 1517.86, 14486
Math, 77, 16.7%, 0, 1.14, 1.84, 2.90, 9.41, 0.88, 1.69, 7.09, 0.73, 0.65, 15.3%, 407.86, 0.19, 664, 1849677191.60, 1.00, 80693, 5719625, 12398, 858, 2299, 152825, 6892, 225425, 102818, 83, 45723, 972, 14370, 52, 328243, 14422, 4534999.91, 1511.67, 14459
Math, 78, 17.4%, 0, 1.14, 1.85, 2.90, 9.49, 0.93, 1.79, 7.41, 0.73, 0.64, 15.3%, 407.23, 0.19, 654, 1826521920.17, 1.00, 79726, 5653550, 12235, 851, 2248, 151162, 6736, 223041, 101901, 83, 45284, 908, 14240, 52, 324942, 14292, 4485148.49, 1495.05, 14247
Math, 79, 17.4%, 0, 1.14, 1.85, 2.91, 9.49, 0.94, 1.80, 7.43, 0.73, 0.64, 15.3%, 407.56, 0.19, 653, 1823460668.51, 1.00, 79580, 5643586, 12183, 852, 2209, 150894, 6732, 222563, 101672, 82, 45170, 906, 14198, 52, 324235, 14250, 4474013.16, 1491.34, 14238
Math, 80, 17.4%, 0, 1.14, 1.85, 2.91, 9.48, 0.94, 1.79, 7.42, 0.73, 0.64, 15.3%, 409.32, 0.19, 653, 1827369120.82, 1.00, 79488, 5637845, 12178, 852, 2208, 150764, 6727, 222246, 101484, 82, 45118, 906, 14117, 52, 323730, 14169, 4464382.48, 1488.13, 14227
Math, 81, 17.4%, 0, 1.14, 1.85, 2.91, 9.48, 0.94, 1.79, 7.42, 0.73, 0.64, 15.3%, 411.10, 0.19, 653, 1833239038.47, 1.00, 79450, 5634947, 12175, 852, 2208, 150717, 6726, 222110, 101415, 82, 45106, 906, 14047, 52, 323525, 14099, 4459243.82, 1486.41, 14224
Math, 82, 17.5%, 0, 1.14, 1.84, 2.92, 9.43, 0.94, 1.78, 7.43, 0.73, 0.64, 15.3%, 407.58, 0.19, 645, 1787213479.90, 1.00, 78345, 5575478, 11989, 844, 2177, 148665, 6661, 218929, 100043, 82, 44425, 896, 13697, 51, 318972, 13748, 4384887.07, 1461.63, 14182
Math, 83, 17.5%, 0, 1.14, 1.84, 2.92, 9.43, 0.94, 1.78, 7.43, 0.73, 0.64, 15.3%, 407.45, 0.19, 645, 1786006010.05, 1.00, 78331, 5574433, 11989, 844, 2177, 148649, 6660, 218845, 100013, 82, 44414, 896, 13696, 51, 318858, 13747, 4383286.46, 1461.1, 14181
Math, 84, 17.5%, 0, 1.14, 1.84, 2.92, 9.43, 0.94, 1.78, 7.42, 0.73, 0.64, 15.3%, 407.49, 0.19, 645, 1785437134.66, 1.00, 78305, 5572585, 11986, 844, 2177, 148603, 6656, 218767, 99978, 82, 44398, 896, 13690, 51, 318745, 13741, 4381532.32, 1460.51, 14175
Math, 85, 17.7%, 0, 1.14, 1.84, 2.94, 9.39, 0.95, 1.81, 7.45, 0.74, 0.64, 15.5%, 462.92, 0.20, 631, 1947308401.72, 1.00, 76762, 5468927, 11899, 838, 2174, 146311, 6539, 213388, 98242, 83, 43630, 877, 11524, 50, 311630, 11574, 4206568.69, 1402.19, 13972
Math, 86, 18.4%, 0, 1.13, 1.84, 2.95, 9.39, 0.98, 1.88, 7.81, 0.74, 0.64, 15.4%, 454.94, 0.20, 589, 1823417640.41, 1.00, 72998, 5179698, 11270, 788, 2140, 138874, 6226, 203907, 93901, 80, 41520, 797, 11205, 50, 297808, 11255, 4007982.98, 1335.99, 13286
Math, 87, 18.4%, 0, 1.14, 1.84, 2.96, 9.39, 0.98, 1.88, 7.81, 0.74, 0.64, 15.4%, 455.37, 0.20, 589, 1824756173.54, 1.00, 73005, 5179681, 11273, 789, 2140, 138883, 6226, 203882, 93896, 80, 41525, 797, 11193, 50, 297778, 11243, 4007120.95, 1335.71, 13292
Math, 88, 18.4%, 0, 1.14, 1.84, 2.96, 9.39, 0.98, 1.88, 7.81, 0.74, 0.64, 15.4%, 455.31, 0.20, 588, 1825180686.45, 1.00, 73023, 5180007, 11268, 789, 2138, 138886, 6225, 203943, 93934, 80, 41531, 797, 11198, 50, 297877, 11248, 4008644.24, 1336.21, 13289
Math, 89, 18%, 0, 1.13, 1.82, 3.05, 9.33, 0.95, 1.71, 7.37, 0.70, 0.66, 15.6%, 391.88, 0.20, 561, 1346806346.12, 1.00, 63858, 4578526, 10002, 705, 1937, 123499, 5475, 174383, 81728, 78, 36485, 742, 10902, 49, 256111, 10951, 3436695.88, 1145.57, 11626
Math, 90, 18%, 0, 1.13, 1.82, 3.05, 9.33, 0.95, 1.71, 7.37, 0.70, 0.66, 15.6%, 391.87, 0.20, 561, 1346704957.01, 1.00, 63855, 4578468, 10003, 705, 1937, 123496, 5474, 174376, 81726, 78, 36484, 742, 10902, 49, 256102, 10951, 3436575.11, 1145.53, 11625
Math, 91, 18.1%, 0, 1.12, 1.81, 3.05, 9.16, 0.94, 1.73, 7.35, 0.69, 0.67, 15.7%, 389.25, 0.20, 524, 1312161834.57, 1.00, 62394, 4520528, 9818, 702, 1921, 121267, 5435, 171020, 80532, 78, 36025, 739, 10764, 49, 251552, 10813, 3370917.35, 1123.64, 11495
Math, 92, 18.4%, 0, 1.11, 1.81, 3.16, 9.09, 0.95, 1.82, 7.54, 0.71, 0.67, 16.1%, 344.85, 0.20, 445, 965477322.71, 1.00, 52355, 3835324, 8464, 582, 1605, 103689, 4620, 143168, 67981, 68, 30243, 612, 9756, 47, 211149, 9803, 2799626.19, 933.21, 9812
Math, 93, 18.5%, 0, 1.11, 1.81, 3.15, 9.07, 0.95, 1.82, 7.55, 0.71, 0.67, 16.1%, 344.39, 0.20, 443, 958141776.86, 1.00, 52065, 3817086, 8409, 580, 1593, 103204, 4611, 142373, 67552, 68, 30063, 610, 9715, 47, 209925, 9762, 2782127.84, 927.38, 9771
Math, 94, 18%, 0, 1.11, 1.81, 3.14, 9.06, 0.94, 1.84, 7.61, 0.71, 0.66, 16.1%, 344.32, 0.19, 438, 953333081.80, 1.00, 51729, 3791025, 8362, 572, 1589, 102652, 4600, 141728, 67285, 58, 29847, 604, 9673, 47, 209013, 9720, 2768740.99, 922.91, 9730
Math, 95, 18.7%, 0, 1.08, 1.77, 3.11, 8.82, 0.92, 1.71, 7.20, 0.63, 0.67, 16.3%, 315.75, 0.20, 405, 712551588.00, 1.00, 43194, 3231353, 7054, 501, 1341, 88198, 3913, 116749, 55610, 58, 24882, 543, 8689, 47, 172359, 8736, 2256654.52, 752.22, 8181
Math, 96, 18.6%, 0, 1.08, 1.76, 3.11, 8.75, 0.92, 1.72, 7.13, 0.63, 0.66, 16.5%, 329.69, 0.19, 394, 716659954.73, 1.00, 42102, 3157587, 6951, 496, 1331, 86426, 3833, 113247, 54127, 58, 24282, 537, 8072, 47, 167374, 8119, 2173700.58, 724.57, 8013
Math, 97, 18.2%, 0, 1.07, 1.76, 3.09, 8.79, 0.92, 1.70, 6.61, 0.65, 0.63, 16.7%, 319.49, 0.19, 370, 598502572.43, 1.00, 36720, 2818794, 6160, 455, 1212, 77054, 3268, 98813, 47118, 58, 20973, 494, 7268, 47, 145931, 7315, 1873264.02, 624.42, 6941
Math, 98, 18.2%, 0, 1.07, 1.76, 3.09, 8.79, 0.92, 1.70, 6.61, 0.65, 0.63, 16.8%, 320.69, 0.19, 369, 600481779.87, 1.00, 36566, 2821966, 6152, 455, 1193, 77194, 3266, 98855, 47067, 53, 20828, 494, 7244, 47, 145922, 7291, 1872456.65, 624.15, 6947
Math, 99, 18.1%, 0, 1.12, 1.81, 3.14, 9.05, 0.96, 1.81, 7.80, 0.70, 0.66, 16%, 351.32, 0.19, 460, 1051314078.48, 1.00, 55800, 4044508, 8969, 614, 1654, 109260, 4939, 152491, 72115, 72, 32219, 633, 10200, 47, 224606, 10247, 2992406.41, 997.47, 10451
Math, 100, 17.2%, 0, 1.07, 1.75, 3.14, 8.72, 0.96, 1.75, 6.79, 0.65, 0.64, 16.8%, 344.95, 0.18, 374, 652275904.27, 1.00, 36788, 2844296, 6184, 472, 1184, 77599, 3307, 100845, 47391, 52, 21037, 487, 6870, 47, 148236, 6917, 1890888.14, 630.3, 7027
Math, 101, 17.3%, 0, 1.07, 1.75, 3.14, 8.72, 0.96, 1.75, 6.79, 0.65, 0.64, 16.8%, 345.05, 0.18, 374, 650400085.60, 1.00, 36683, 2839621, 6182, 470, 1179, 77471, 3297, 100565, 47254, 52, 20989, 485, 6849, 47, 147819, 6896, 1884920.49, 628.31, 7008
Math, 102, 17%, 0, 1.07, 1.76, 3.16, 8.81, 0.96, 1.82, 6.61, 0.66, 0.65, 16%, 340.57, 0.18, 363, 615734877.67, 1.00, 35463, 2712785, 5699, 458, 1143, 74135, 3150, 96679, 45524, 52, 20264, 476, 6671, 47, 142203, 6718, 1807942.78, 602.65, 6780
Math, 103, 18.2%, 0, 1.05, 1.78, 3.17, 8.76, 0.98, 1.92, 6.57, 0.69, 0.62, 16.6%, 328.35, 0.18, 354, 555988417.86, 1.00, 33187, 2586147, 5539, 437, 1120, 70734, 2924, 90625, 42982, 52, 19236, 445, 6486, 47, 133607, 6533, 1693272.31, 564.42, 6394
Math, 104, 18.2%, 0, 1.05, 1.78, 3.17, 8.75, 0.98, 1.92, 6.53, 0.69, 0.62, 16.6%, 328.36, 0.18, 354, 552880415.31, 1.00, 33013, 2569294, 5512, 437, 1120, 70359, 2908, 90141, 42793, 52, 19153, 445, 6451, 47, 132934, 6498, 1683712.80, 561.24, 6358
Math, 105, 21%, 0, 1.06, 1.79, 3.31, 8.18, 0.83, 2.00, 8.29, 0.65, 0.63, 17.8%, 343.05, 0.21, 232, 363078396.49, 1.00, 22422, 1755228, 4008, 227, 657, 48813, 2247, 61064, 26793, 44, 13098, 271, 4183, 47, 87857, 4230, 1058364.25, 352.79, 4432
Math, 106, 21.5%, 0, 1.05, 1.77, 3.32, 8.10, 0.84, 2.04, 8.27, 0.62, 0.64, 17.8%, 315.52, 0.22, 226, 318366034.34, 1.00, 21709, 1692727, 3872, 224, 652, 47167, 2194, 58486, 25535, 42, 12643, 265, 4078, 44, 84021, 4122, 1009019.01, 336.34, 4300
Time, 1, 11.6%, 0, 1.10, 1.49, 3.42, 7.83, 1.28, 2.00, 17.50, 0.51, 0.71, 13.2%, 740.24, 0.13, 367, 3669626363.01, 1.00, 80953, 5531283, 10762, 650, 2029, 138894, 8858, 264735, 113540, 21, 49518, 506, 8762, 49, 378275, 8811, 4957327.93, 1652.44, 14245
Time, 2, 11.6%, 0, 1.10, 1.49, 3.42, 7.83, 1.28, 2.00, 17.50, 0.51, 0.71, 13.3%, 740.09, 0.13, 367, 3667100173.93, 1.00, 80897, 5531375, 10819, 650, 2029, 138890, 8858, 264620, 113482, 21, 49491, 506, 8760, 49, 378102, 8809, 4954936.92, 1651.65, 14239
Time, 3, 11.6%, 0, 1.10, 1.49, 3.42, 7.83, 1.28, 2.00, 17.50, 0.51, 0.71, 13.3%, 740.15, 0.13, 367, 3667215256.64, 1.00, 80904, 5529502, 10762, 650, 2029, 138842, 8855, 264614, 113470, 21, 49501, 506, 8759, 49, 378084, 8808, 4954639.11, 1651.55, 14232
Time, 4, 11.6%, 0, 1.10, 1.49, 3.42, 7.83, 1.28, 2.00, 17.45, 0.51, 0.71, 13.3%, 740.66, 0.13, 367, 3660346044.44, 1.00, 80749, 5520555, 10762, 650, 2030, 138664, 8831, 263979, 113266, 21, 49394, 506, 8732, 49, 377245, 8781, 4941973.45, 1647.32, 14208
Time, 5, 11.6%, 0, 1.10, 1.49, 3.42, 7.81, 1.27, 1.99, 17.43, 0.51, 0.71, 13.3%, 740.83, 0.13, 367, 3652245419.28, 1.00, 80391, 5513788, 10751, 643, 2028, 138211, 8822, 263285, 113155, 21, 49110, 506, 8707, 49, 376440, 8756, 4929879.41, 1643.29, 14178
Time, 6, 11.2%, 0, 1.11, 1.51, 3.39, 7.87, 1.24, 1.97, 16.79, 0.51, 0.68, 13.5%, 713.33, 0.13, 384, 3596641708.89, 1.00, 82094, 5597502, 11101, 660, 2079, 140669, 8933, 267399, 115366, 26, 50362, 532, 9184, 49, 382765, 9233, 5042004.02, 1680.67, 14512
Time, 7, 11.3%, 0, 1.11, 1.51, 3.39, 7.90, 1.24, 2.10, 16.75, 0.51, 0.69, 13.5%, 713.11, 0.13, 383, 3582228912.92, 1.00, 81761, 5575906, 11080, 659, 2076, 140173, 8861, 266502, 114973, 26, 50197, 529, 9156, 49, 381475, 9205, 5023339.86, 1674.45, 14437
Time, 8, 11.3%, 0, 1.11, 1.51, 3.39, 7.89, 1.24, 2.10, 16.69, 0.51, 0.69, 13.5%, 712.49, 0.13, 384, 3574273723.47, 1.00, 81641, 5569280, 11057, 660, 2102, 140010, 8849, 266096, 114890, 26, 50169, 530, 9150, 49, 380986, 9199, 5016542.22, 1672.18, 14408
Time, 9, 11.3%, 0, 1.11, 1.51, 3.39, 7.89, 1.24, 2.10, 16.69, 0.51, 0.69, 13.5%, 712.69, 0.13, 384, 3574468107.07, 1.00, 81634, 5567945, 11057, 660, 2102, 139981, 8849, 266055, 114862, 26, 50164, 530, 9146, 49, 380917, 9195, 5015394.66, 1671.8, 14405
Time, 10, 11.3%, 0, 1.11, 1.51, 3.39, 7.89, 1.24, 2.10, 16.66, 0.51, 0.69, 13.5%, 712.76, 0.13, 384, 3565832368.79, 1.00, 81514, 5558667, 11054, 660, 2100, 139809, 8833, 265409, 114659, 26, 50078, 530, 9123, 49, 380068, 9172, 5002842.92, 1667.61, 14388
Time, 11, 11.3%, 0, 1.11, 1.51, 3.39, 7.89, 1.24, 2.11, 16.68, 0.51, 0.69, 13.5%, 712.92, 0.13, 384, 3562183079.61, 1.00, 81450, 5553937, 11046, 660, 2100, 139702, 8826, 265121, 114525, 26, 50032, 529, 9111, 49, 379646, 9160, 4996571.07, 1665.52, 14376
Time, 12, 11.3%, 0, 1.11, 1.51, 3.39, 7.88, 1.24, 2.11, 16.71, 0.51, 0.69, 13.5%, 715.27, 0.13, 383, 3565161789.73, 1.00, 81294, 5539634, 11019, 658, 2098, 139394, 8809, 264624, 114303, 26, 49942, 527, 9064, 49, 378927, 9113, 4984296.00, 1661.43, 14338
Time, 13, 11.3%, 0, 1.11, 1.51, 3.39, 7.89, 1.24, 2.11, 16.67, 0.51, 0.69, 13.5%, 715.38, 0.13, 383, 3556885240.74, 1.00, 81153, 5531268, 11014, 658, 2097, 139224, 8789, 263991, 114106, 26, 49847, 527, 9041, 49, 378097, 9090, 4971999.96, 1657.33, 14314
Time, 14, 11.3%, 0, 1.11, 1.51, 3.39, 7.88, 1.24, 2.11, 16.64, 0.52, 0.69, 13.5%, 717.43, 0.13, 383, 3554440316.25, 1.00, 80949, 5515136, 10989, 658, 2094, 138909, 8773, 263226, 113767, 26, 49697, 527, 8989, 49, 376993, 9038, 4954362.02, 1651.45, 14287
Time, 15, 11.3%, 0, 1.11, 1.51, 3.39, 7.88, 1.24, 2.11, 16.62, 0.52, 0.69, 13.5%, 717.57, 0.13, 383, 3550632418.82, 1.00, 80865, 5510840, 10986, 658, 2094, 138809, 8760, 262927, 113642, 26, 49643, 527, 8977, 49, 376569, 9026, 4948068.10, 1649.36, 14273
Time, 16, 11.3%, 0, 1.11, 1.51, 3.39, 7.88, 1.24, 2.11, 16.62, 0.52, 0.69, 13.5%, 717.41, 0.13, 383, 3548136830.70, 1.00, 80833, 5509145, 10985, 658, 2094, 138767, 8759, 262808, 113592, 26, 49623, 527, 8975, 49, 376400, 9024, 4945727.12, 1648.58, 14268
Time, 17, 11.3%, 0, 1.11, 1.51, 3.39, 7.87, 1.24, 2.11, 16.59, 0.52, 0.69, 13.6%, 716.72, 0.13, 383, 3534403208.35, 1.00, 80655, 5499692, 10977, 658, 2094, 138532, 8747, 262088, 113288, 26, 49499, 527, 8959, 49, 375376, 9008, 4931311.17, 1643.77, 14235
Time, 18, 11.4%, 0, 1.11, 1.51, 3.39, 7.87, 1.24, 2.11, 16.60, 0.52, 0.69, 13.6%, 716.66, 0.13, 382, 3528563916.74, 1.00, 80530, 5490904, 10953, 657, 2092, 138328, 8734, 261713, 113132, 26, 49424, 526, 8947, 49, 374845, 8996, 4923614.54, 1641.2, 14214
Time, 19, 11.4%, 0, 1.11, 1.51, 3.39, 7.87, 1.24, 2.11, 16.59, 0.52, 0.69, 13.5%, 716.76, 0.13, 382, 3528270061.89, 1.00, 80501, 5489702, 10948, 657, 2092, 138290, 8730, 261664, 113108, 26, 49412, 526, 8944, 49, 374772, 8993, 4922475.34, 1640.83, 14207
Time, 20, 11.4%, 0, 1.11, 1.51, 3.39, 7.87, 1.24, 2.11, 16.59, 0.52, 0.69, 13.6%, 717.32, 0.13, 382, 3529422307.11, 1.00, 80477, 5488482, 10948, 657, 2092, 138263, 8727, 261576, 113071, 26, 49398, 526, 8934, 49, 374647, 8983, 4920232.16, 1640.08, 14201
Time, 21, 11.4%, 0, 1.11, 1.51, 3.39, 7.87, 1.24, 2.11, 16.58, 0.52, 0.69, 13.6%, 717.65, 0.13, 382, 3529118440.08, 1.00, 80446, 5486740, 10946, 657, 2091, 138225, 8725, 261460, 113022, 26, 49378, 526, 8926, 49, 374482, 8975, 4917583.86, 1639.19, 14194
Time, 22, 11.9%, 0, 1.09, 1.49, 3.42, 7.80, 1.28, 2.15, 17.02, 0.52, 0.71, 13.4%, 735.52, 0.13, 366, 3517816685.70, 1.00, 78274, 5368995, 10545, 645, 2044, 134742, 8563, 255903, 110152, 21, 47888, 503, 8524, 49, 366055, 8573, 4782722.50, 1594.24, 13772
Time, 23, 11.9%, 0, 1.09, 1.49, 3.42, 7.80, 1.28, 2.15, 17.01, 0.52, 0.71, 13.4%, 734.62, 0.13, 366, 3510840805.52, 1.00, 78211, 5365665, 10539, 644, 2044, 134666, 8561, 255709, 110050, 21, 47848, 503, 8528, 49, 365759, 8577, 4779101.24, 1593.03, 13769
Time, 24, 11.9%, 0, 1.09, 1.49, 3.42, 7.79, 1.28, 2.15, 17.00, 0.52, 0.71, 13.4%, 735.03, 0.13, 366, 3508531511.74, 1.00, 78133, 5359677, 10529, 644, 2044, 134531, 8556, 255432, 109948, 21, 47786, 503, 8514, 49, 365380, 8563, 4773288.00, 1591.1, 13760
Time, 25, 11.9%, 0, 1.09, 1.49, 3.42, 7.80, 1.28, 2.15, 16.96, 0.52, 0.71, 13.4%, 737.07, 0.13, 366, 3510543620.66, 1.00, 77994, 5350339, 10478, 644, 2044, 134304, 8533, 254999, 109756, 21, 47714, 503, 8476, 49, 364755, 8525, 4762782.61, 1587.59, 13727
Time, 26, 11.9%, 0, 1.09, 1.49, 3.42, 7.80, 1.28, 2.15, 16.95, 0.51, 0.71, 13.4%, 738.25, 0.13, 366, 3512660751.24, 1.00, 77956, 5348531, 10496, 644, 2044, 134274, 8527, 254773, 109720, 21, 47687, 503, 8455, 49, 364493, 8504, 4758064.60, 1586.02, 13719
Time, 27, 11.9%, 0, 1.09, 1.50, 3.42, 7.82, 1.27, 2.15, 16.80, 0.52, 0.72, 13.4%, 744.22, 0.13, 365, 3507049318.18, 1.00, 77349, 5303660, 10422, 642, 2038, 133242, 8438, 252643, 109000, 21, 47337, 502, 8317, 49, 361643, 8366, 4712324.84, 1570.77, 13622
Closure, 1, 9.5%, 0, 1.09, 1.82, 2.73, 9.13, 0.55, 2.17, 10.09, 0.61, 0.66, 10.6%, 202.57, 0.12, 1133, 1588979798.15, 1.00, 179318, 8711388, 19099, 945, 4731, 264079, 17176, 361776, 144126, 45, 72847, 1702, 46432, 52, 505902, 46484, 7843730.54, 2614.58, 33273
Closure, 2, 9.5%, 0, 1.09, 1.82, 2.73, 9.14, 0.55, 2.17, 10.07, 0.61, 0.66, 10.6%, 202.83, 0.12, 1133, 1587692289.77, 1.00, 178889, 8696905, 19087, 945, 4726, 263583, 17121, 361133, 143874, 45, 72723, 1700, 46292, 52, 505007, 46344, 7827656.45, 2609.22, 33181
Closure, 3, 9.7%, 0, 1.09, 1.82, 2.73, 9.13, 0.55, 2.17, 10.01, 0.61, 0.66, 10.6%, 202.97, 0.12, 1137, 1590574483.48, 1.00, 179101, 8708291, 19116, 950, 4738, 263965, 17141, 361514, 144035, 45, 72827, 1711, 46308, 52, 505549, 46360, 7836309.26, 2612.1, 33222
Closure, 4, 9.7%, 0, 1.09, 1.82, 2.73, 9.13, 0.55, 2.16, 10.01, 0.61, 0.66, 10.6%, 203.02, 0.12, 1137, 1590340041.06, 1.00, 179013, 8705167, 19109, 950, 4735, 263859, 17133, 361389, 143983, 45, 72802, 1711, 46280, 52, 505372, 46332, 7833125.17, 2611.04, 33208
Closure, 5, 9.6%, 0, 1.09, 1.82, 2.73, 9.13, 0.55, 2.17, 9.98, 0.61, 0.66, 10.6%, 203.17, 0.12, 1133, 1578135985.42, 1.00, 177653, 8635803, 18955, 944, 4714, 261858, 17009, 358617, 142899, 45, 72337, 1703, 45891, 52, 501516, 45943, 7767257.85, 2589.09, 32982
Closure, 6, 9.6%, 0, 1.09, 1.82, 2.73, 9.12, 0.55, 2.18, 9.97, 0.61, 0.66, 10.6%, 203.25, 0.12, 1132, 1576378689.71, 1.00, 177335, 8622896, 18930, 944, 4707, 261466, 16984, 358097, 142765, 45, 72281, 1702, 45808, 52, 500862, 45860, 7755822.39, 2585.27, 32948
Closure, 7, 9.6%, 0, 1.09, 1.82, 2.73, 9.10, 0.55, 2.18, 9.94, 0.61, 0.66, 10.7%, 203.25, 0.12, 1133, 1566546262.28, 1.00, 176366, 8583789, 18979, 944, 4695, 260338, 16920, 356026, 141980, 45, 71900, 1702, 45543, 52, 498006, 45595, 7707433.68, 2569.14, 32815
Closure, 8, 9.7%, 0, 1.09, 1.82, 2.73, 9.08, 0.55, 2.18, 9.90, 0.61, 0.66, 10.7%, 203.07, 0.12, 1131, 1552707146.11, 1.00, 174942, 8521624, 18764, 940, 4667, 258428, 16815, 353387, 140944, 45, 71534, 1697, 45244, 52, 494331, 45296, 7645865.04, 2548.62, 32606
Closure, 9, 9.7%, 0, 1.09, 1.82, 2.73, 9.08, 0.55, 2.18, 9.90, 0.61, 0.66, 10.7%, 203.08, 0.12, 1131, 1552447836.59, 1.00, 174903, 8520203, 18762, 940, 4666, 258381, 16812, 353325, 140921, 45, 71523, 1697, 45235, 52, 494246, 45287, 7644408.65, 2548.14, 32600
Closure, 10, 9.7%, 0, 1.09, 1.82, 2.73, 9.08, 0.55, 2.18, 9.90, 0.61, 0.66, 10.7%, 203.18, 0.12, 1131, 1553459461.02, 1.00, 174907, 8521355, 18766, 940, 4673, 258392, 16809, 353386, 140948, 45, 71530, 1697, 45220, 52, 494334, 45272, 7645533.47, 2548.51, 32616
Closure, 11, 9.6%, 0, 1.09, 1.82, 2.73, 9.09, 0.55, 2.13, 9.96, 0.61, 0.66, 10.7%, 203.57, 0.12, 1128, 1552361491.62, 1.00, 174448, 8499878, 18712, 929, 4563, 257655, 16773, 352531, 140705, 43, 71366, 1684, 45024, 52, 493236, 45076, 7625464.01, 2541.82, 32554
Closure, 12, 9.7%, 0, 1.09, 1.82, 2.73, 9.09, 0.55, 2.13, 9.94, 0.61, 0.66, 10.7%, 203.78, 0.12, 1126, 1548175605.64, 1.00, 173741, 8467253, 18663, 928, 4547, 256709, 16705, 351357, 140244, 43, 71146, 1680, 44828, 52, 491601, 44880, 7597096.18, 2532.37, 32432
Closure, 13, 9.7%, 0, 1.09, 1.83, 2.73, 9.09, 0.55, 2.13, 9.94, 0.61, 0.66, 10.7%, 203.95, 0.12, 1125, 1548641137.26, 1.00, 173624, 8462685, 18667, 928, 4544, 256556, 16691, 351196, 140211, 43, 71126, 1678, 44771, 52, 491407, 44823, 7593197.17, 2531.07, 32424
Closure, 14, 9.7%, 0, 1.09, 1.83, 2.73, 9.09, 0.55, 2.13, 9.94, 0.61, 0.66, 10.7%, 204.03, 0.12, 1125, 1547800184.13, 1.00, 173474, 8455355, 18652, 928, 4539, 256340, 16680, 350890, 140101, 43, 71080, 1677, 44713, 52, 490991, 44765, 7585851.98, 2528.62, 32402
Closure, 15, 9.7%, 0, 1.09, 1.83, 2.73, 9.09, 0.55, 2.13, 9.94, 0.61, 0.66, 10.7%, 204.17, 0.12, 1125, 1548110115.48, 1.00, 173385, 8451437, 18641, 927, 4538, 256228, 16673, 350765, 140051, 43, 71055, 1677, 44668, 52, 490816, 44720, 7582436.04, 2527.48, 32391
Closure, 16, 9.7%, 0, 1.09, 1.83, 2.73, 9.09, 0.55, 2.13, 9.94, 0.61, 0.66, 10.7%, 204.16, 0.12, 1125, 1548448405.11, 1.00, 173412, 8452465, 18643, 927, 4539, 256261, 16674, 350825, 140094, 43, 71070, 1677, 44676, 52, 490919, 44728, 7584153.93, 2528.05, 32402
Closure, 17, 9.7%, 0, 1.09, 1.83, 2.73, 9.09, 0.55, 2.13, 9.94, 0.61, 0.66, 10.7%, 204.20, 0.12, 1125, 1548496664.77, 1.00, 173377, 8451261, 18643, 927, 4539, 256225, 16672, 350777, 140075, 43, 71062, 1677, 44661, 52, 490852, 44713, 7582881.33, 2527.63, 32398
Closure, 18, 9.7%, 0, 1.09, 1.83, 2.73, 9.09, 0.55, 2.13, 9.94, 0.61, 0.66, 10.7%, 204.24, 0.12, 1125, 1548683672.16, 1.00, 173360, 8450411, 18640, 927, 4539, 256204, 16671, 350761, 140073, 43, 71061, 1677, 44651, 52, 490834, 44703, 7582444.87, 2527.48, 32398
Closure, 19, 9.7%, 0, 1.09, 1.83, 2.73, 9.09, 0.55, 2.13, 9.94, 0.61, 0.66, 10.7%, 204.24, 0.12, 1125, 1548590643.16, 1.00, 173342, 8449808, 18638, 927, 4539, 256182, 16670, 350740, 140064, 43, 71057, 1677, 44648, 52, 490804, 44700, 7581933.91, 2527.31, 32396
Closure, 20, 9.7%, 0, 1.09, 1.83, 2.73, 9.09, 0.55, 2.13, 9.93, 0.61, 0.66, 10.7%, 204.27, 0.12, 1124, 1547098381.90, 1.00, 173147, 8440656, 18605, 926, 4532, 255923, 16655, 350396, 139928, 43, 70990, 1676, 44599, 52, 490324, 44651, 7573743.01, 2524.58, 32363
Closure, 21, 9.7%, 0, 1.09, 1.83, 2.73, 9.09, 0.55, 2.13, 9.93, 0.61, 0.66, 10.7%, 204.29, 0.12, 1124, 1547514820.25, 1.00, 173162, 8440955, 18600, 926, 4532, 255933, 16655, 350436, 139964, 43, 70994, 1676, 44599, 52, 490400, 44651, 7574916.94, 2524.97, 32373
Closure, 22, 9.7%, 0, 1.09, 1.83, 2.73, 9.09, 0.55, 2.13, 9.93, 0.61, 0.66, 10.7%, 204.31, 0.12, 1124, 1547746953.96, 1.00, 173168, 8441205, 18600, 926, 4532, 255938, 16655, 350455, 139982, 43, 70994, 1676, 44598, 52, 490437, 44650, 7575472.61, 2525.16, 32379
Closure, 23, 9.7%, 0, 1.09, 1.83, 2.73, 9.08, 0.55, 2.13, 9.95, 0.61, 0.66, 10.7%, 204.34, 0.12, 1119, 1540950458.39, 1.00, 172270, 8406131, 18566, 924, 4522, 254801, 16572, 348935, 139461, 43, 70761, 1665, 44396, 52, 488396, 44448, 7540751.64, 2513.58, 32249
Closure, 24, 9.7%, 0, 1.09, 1.83, 2.73, 9.09, 0.55, 2.14, 9.92, 0.61, 0.66, 10.7%, 204.27, 0.12, 1117, 1534664622.19, 1.00, 171673, 8380158, 18510, 923, 4522, 253990, 16502, 347766, 138947, 43, 70572, 1663, 44263, 52, 486713, 44315, 7512662.15, 2504.22, 32138
Closure, 25, 9.7%, 0, 1.09, 1.83, 2.73, 9.09, 0.55, 2.14, 9.91, 0.61, 0.66, 10.7%, 204.29, 0.12, 1117, 1534299098.38, 1.00, 171608, 8376939, 18499, 922, 4520, 253896, 16494, 347655, 138908, 43, 70547, 1663, 44244, 52, 486563, 44296, 7510045.80, 2503.35, 32127
Closure, 26, 9.7%, 0, 1.09, 1.83, 2.73, 9.09, 0.55, 2.14, 9.91, 0.62, 0.66, 10.7%, 204.31, 0.12, 1117, 1534248502.98, 1.00, 171583, 8376095, 18499, 922, 4519, 253868, 16492, 347618, 138891, 43, 70539, 1663, 44235, 52, 486509, 44287, 7509069.69, 2503.02, 32124
Closure, 27, 9.7%, 0, 1.09, 1.83, 2.73, 9.09, 0.55, 2.13, 9.91, 0.61, 0.66, 10.7%, 204.27, 0.12, 1116, 1532925221.67, 1.00, 171481, 8369272, 18483, 921, 4513, 253666, 16481, 347395, 138817, 43, 70495, 1662, 44216, 52, 486212, 44268, 7504184.61, 2501.39, 32103
Closure, 28, 9.7%, 0, 1.09, 1.83, 2.73, 9.09, 0.55, 2.13, 9.91, 0.61, 0.66, 10.7%, 204.28, 0.12, 1115, 1532668886.28, 1.00, 171431, 8366423, 18481, 921, 4513, 253569, 16476, 347325, 138794, 43, 70488, 1661, 44205, 52, 486119, 44257, 7502574.96, 2500.86, 32098
Closure, 29, 9.7%, 0, 1.09, 1.83, 2.73, 9.09, 0.55, 2.13, 9.91, 0.62, 0.66, 10.7%, 204.27, 0.12, 1115, 1532299427.65, 1.00, 171406, 8365325, 18480, 921, 4513, 253536, 16474, 347260, 138763, 43, 70472, 1661, 44198, 52, 486023, 44250, 7500982.42, 2500.33, 32093
Closure, 30, 9.7%, 0, 1.09, 1.83, 2.73, 9.07, 0.55, 2.13, 9.89, 0.61, 0.66, 10.7%, 204.30, 0.12, 1109, 1518563886.22, 1.00, 169970, 8300043, 18323, 917, 4484, 251549, 16369, 344454, 137519, 43, 69901, 1654, 43835, 52, 481973, 43887, 7432749.52, 2477.58, 31807
Closure, 31, 9.7%, 0, 1.09, 1.83, 2.73, 9.07, 0.55, 2.13, 9.89, 0.61, 0.66, 10.7%, 204.35, 0.12, 1109, 1518041257.22, 1.00, 169877, 8295039, 18300, 917, 4481, 251404, 16361, 344279, 137454, 43, 69872, 1654, 43803, 52, 481733, 43855, 7428541.43, 2476.18, 31793
Closure, 32, 9.7%, 0, 1.09, 1.82, 2.73, 9.07, 0.55, 2.13, 9.89, 0.61, 0.66, 10.7%, 204.34, 0.12, 1109, 1517740906.91, 1.00, 169851, 8293947, 18300, 917, 4481, 251378, 16360, 344231, 137424, 43, 69860, 1654, 43798, 52, 481655, 43850, 7427259.40, 2475.75, 31788
Closure, 33, 9.7%, 0, 1.09, 1.82, 2.73, 9.07, 0.55, 2.13, 9.88, 0.61, 0.66, 10.7%, 204.37, 0.12, 1109, 1517337287.67, 1.00, 169740, 8287764, 18280, 917, 4480, 251239, 16353, 344122, 137368, 42, 69795, 1654, 43779, 52, 481490, 43831, 7424414.00, 2474.8, 31776
Closure, 34, 9.7%, 0, 1.09, 1.82, 2.73, 9.06, 0.55, 2.13, 9.87, 0.61, 0.66, 10.7%, 204.49, 0.12, 1109, 1516695952.50, 1.00, 169547, 8279292, 18260, 917, 4477, 250998, 16340, 343822, 137246, 42, 69757, 1654, 43715, 52, 481068, 43767, 7416892.77, 2472.3, 31743
Closure, 35, 9.7%, 0, 1.09, 1.82, 2.73, 9.05, 0.55, 2.13, 9.88, 0.61, 0.66, 10.8%, 204.50, 0.12, 1102, 1505822148.89, 1.00, 168489, 8234173, 18220, 915, 4448, 249650, 16263, 341530, 136362, 42, 69302, 1646, 43421, 52, 477892, 43473, 7363279.66, 2454.43, 31570
Closure, 36, 9.7%, 0, 1.09, 1.82, 2.73, 9.05, 0.55, 2.13, 9.87, 0.61, 0.66, 10.8%, 204.50, 0.12, 1102, 1505492693.91, 1.00, 168446, 8232114, 18210, 915, 4448, 249586, 16258, 341459, 136338, 42, 69295, 1646, 43412, 52, 477797, 43464, 7361673.20, 2453.89, 31561
Closure, 37, 9.7%, 0, 1.09, 1.82, 2.73, 9.05, 0.55, 2.13, 9.88, 0.61, 0.66, 10.8%, 204.55, 0.12, 1101, 1504429551.21, 1.00, 168262, 8226232, 18197, 913, 4442, 249358, 16239, 341195, 136195, 42, 69221, 1643, 43368, 52, 477390, 43420, 7354704.76, 2451.57, 31520
Closure, 38, 9.7%, 0, 1.09, 1.82, 2.73, 9.05, 0.55, 2.13, 9.90, 0.61, 0.66, 10.8%, 204.45, 0.12, 1097, 1500929885.66, 1.00, 167936, 8209179, 18173, 910, 4433, 248835, 16206, 340590, 135977, 42, 69095, 1636, 43312, 52, 476567, 43364, 7341138.25, 2447.05, 31465
Closure, 39, 9.7%, 0, 1.09, 1.82, 2.73, 9.05, 0.55, 2.13, 9.90, 0.61, 0.66, 10.8%, 204.48, 0.12, 1097, 1498262263.66, 1.00, 167637, 8194253, 18132, 909, 4423, 248428, 16186, 340004, 135728, 42, 68978, 1634, 43231, 52, 475732, 43283, 7326992.52, 2442.33, 31417
Closure, 40, 9.7%, 0, 1.09, 1.82, 2.73, 9.05, 0.55, 2.13, 9.90, 0.61, 0.66, 10.8%, 204.51, 0.12, 1097, 1498311204.29, 1.00, 167611, 8193294, 18132, 909, 4423, 248400, 16184, 339966, 135715, 42, 68973, 1634, 43219, 52, 475681, 43271, 7326016.75, 2442.01, 31415
Closure, 41, 9.7%, 0, 1.09, 1.82, 2.73, 9.04, 0.55, 2.13, 9.89, 0.61, 0.66, 10.8%, 204.47, 0.12, 1097, 1496062427.06, 1.00, 167415, 8183498, 18107, 909, 4422, 248142, 16169, 339580, 135538, 42, 68908, 1634, 43180, 52, 475118, 43232, 7316727.85, 2438.91, 31374
Closure, 42, 9.8%, 0, 1.09, 1.83, 2.73, 9.03, 0.55, 2.13, 9.81, 0.62, 0.66, 10.8%, 204.70, 0.12, 1096, 1481339963.30, 1.00, 165775, 8115529, 18055, 909, 4417, 246056, 16013, 336125, 134282, 42, 68060, 1632, 42692, 52, 470407, 42744, 7236475.17, 2412.16, 31205
Closure, 43, 9.8%, 0, 1.09, 1.83, 2.73, 9.03, 0.55, 2.13, 9.81, 0.62, 0.66, 10.8%, 204.71, 0.12, 1096, 1481167724.36, 1.00, 165744, 8114449, 18054, 909, 4415, 246024, 16012, 336076, 134255, 42, 68053, 1632, 42683, 52, 470331, 42735, 7235163.15, 2411.72, 31196
Closure, 44, 9.8%, 0, 1.09, 1.83, 2.73, 9.05, 0.55, 2.12, 9.74, 0.61, 0.65, 10.9%, 205.05, 0.12, 1086, 1466973747.03, 1.00, 164054, 8037175, 17947, 901, 4377, 243649, 15803, 332726, 132840, 42, 67402, 1621, 42188, 52, 465566, 42240, 7154037.16, 2384.68, 30851
Closure, 45, 9.8%, 0, 1.09, 1.83, 2.73, 9.06, 0.55, 2.12, 9.74, 0.61, 0.65, 10.9%, 205.10, 0.12, 1085, 1466851303.30, 1.00, 163991, 8030598, 17932, 901, 4373, 243463, 15788, 332606, 132829, 42, 67364, 1620, 42162, 52, 465435, 42214, 7151610.73, 2383.87, 30843
Closure, 46, 9.8%, 0, 1.09, 1.83, 2.73, 9.06, 0.55, 2.11, 9.72, 0.61, 0.66, 10.9%, 205.34, 0.12, 1095, 1475286254.68, 1.00, 164731, 8068451, 17987, 907, 4389, 244538, 15854, 334214, 133197, 42, 67534, 1631, 42317, 52, 467411, 42369, 7184444.28, 2394.81, 30973
Closure, 47, 9.8%, 0, 1.09, 1.84, 2.73, 9.08, 0.55, 2.11, 9.65, 0.61, 0.66, 10.9%, 205.06, 0.12, 1095, 1468499331.91, 1.00, 164148, 8051991, 17963, 906, 4386, 243782, 15753, 333235, 132723, 42, 67365, 1631, 42250, 52, 465958, 42302, 7161046.75, 2387.02, 30856
Closure, 48, 9.8%, 0, 1.09, 1.84, 2.73, 9.09, 0.55, 2.11, 9.65, 0.61, 0.66, 10.9%, 205.20, 0.12, 1093, 1466403094.84, 1.00, 163854, 8035971, 17902, 900, 4379, 243321, 15723, 332628, 132454, 42, 67222, 1628, 42144, 52, 465082, 42196, 7145900.57, 2381.97, 30793
Closure, 49, 9.6%, 0, 1.10, 1.91, 2.73, 9.26, 0.56, 2.17, 9.83, 0.63, 0.65, 10.8%, 219.52, 0.12, 1116, 1673261505.71, 1.00, 172222, 8471330, 18708, 925, 4727, 255947, 16222, 352623, 142124, 42, 71666, 1650, 43370, 54, 494747, 43424, 7622173.70, 2540.72, 33198
Closure, 50, 9.7%, 0, 1.09, 1.91, 2.73, 9.26, 0.56, 2.18, 9.86, 0.63, 0.65, 10.8%, 219.59, 0.12, 1110, 1668068645.85, 1.00, 171729, 8444056, 18630, 921, 4715, 255184, 16185, 351537, 141678, 42, 71462, 1641, 43223, 54, 493215, 43277, 7596158.52, 2532.05, 33107
Closure, 51, 9.7%, 0, 1.09, 1.91, 2.73, 9.26, 0.56, 2.17, 9.85, 0.63, 0.65, 10.8%, 219.60, 0.12, 1108, 1665738460.18, 1.00, 171463, 8428796, 18606, 920, 4708, 254787, 16154, 351064, 141505, 42, 71363, 1639, 43163, 54, 492569, 43217, 7585223.37, 2528.41, 33057
Closure, 52, 9.7%, 0, 1.09, 1.91, 2.73, 9.25, 0.56, 2.17, 9.84, 0.63, 0.65, 10.8%, 219.99, 0.12, 1108, 1661714657.15, 1.00, 170857, 8404312, 18553, 920, 4702, 254015, 16114, 349813, 140941, 42, 71060, 1637, 42933, 54, 490754, 42987, 7553495.55, 2517.83, 32951
Closure, 53, 9.7%, 0, 1.09, 1.91, 2.73, 9.26, 0.56, 2.18, 9.83, 0.63, 0.65, 10.8%, 219.31, 0.12, 1099, 1644740264.36, 1.00, 169798, 8351432, 18449, 911, 4688, 252490, 15994, 347435, 139968, 42, 70647, 1626, 42772, 54, 487403, 42826, 7499279.70, 2499.76, 32811
Closure, 54, 9.7%, 0, 1.09, 1.91, 2.73, 9.26, 0.56, 2.19, 9.85, 0.62, 0.65, 10.8%, 219.12, 0.12, 1089, 1632927701.70, 1.00, 168972, 8309104, 18350, 907, 4669, 251221, 15928, 345452, 139093, 42, 70243, 1616, 42565, 54, 484545, 42619, 7451918.88, 2483.97, 32679
Closure, 55, 9.7%, 0, 1.09, 1.91, 2.73, 9.25, 0.56, 2.18, 9.83, 0.62, 0.65, 10.8%, 219.08, 0.12, 1089, 1626186806.06, 1.00, 168339, 8281327, 18289, 907, 4661, 250372, 15881, 344226, 138573, 42, 70049, 1614, 42423, 54, 482799, 42477, 7422742.17, 2474.25, 32574
Closure, 56, 9.7%, 0, 1.09, 1.91, 2.73, 9.23, 0.56, 2.18, 9.83, 0.62, 0.65, 10.8%, 219.31, 0.12, 1089, 1624260914.48, 1.00, 167882, 8263271, 18269, 907, 4654, 249799, 15863, 343560, 138291, 42, 69920, 1613, 42296, 54, 481851, 42350, 7406085.69, 2468.7, 32526
Closure, 57, 9.8%, 0, 1.09, 1.91, 2.73, 9.23, 0.56, 2.18, 9.82, 0.62, 0.65, 10.8%, 219.33, 0.12, 1089, 1621258985.05, 1.00, 167606, 8249550, 18230, 907, 4652, 249406, 15835, 342959, 138039, 42, 69814, 1612, 42218, 54, 480998, 42272, 7391695.76, 2463.9, 32478
Closure, 58, 9.8%, 0, 1.09, 1.91, 2.73, 9.23, 0.56, 2.18, 9.81, 0.62, 0.65, 10.8%, 219.27, 0.12, 1089, 1618767446.90, 1.00, 167415, 8241653, 18219, 906, 4647, 249161, 15819, 342550, 137890, 42, 69741, 1611, 42180, 54, 480440, 42234, 7382497.38, 2460.83, 32444
Closure, 59, 9.8%, 0, 1.09, 1.91, 2.73, 9.20, 0.55, 2.17, 9.79, 0.62, 0.65, 10.9%, 218.58, 0.12, 1038, 1598943170.40, 1.00, 165826, 8178014, 18110, 897, 4615, 246933, 15706, 339543, 136757, 42, 69195, 1603, 41941, 54, 476300, 41995, 7314982.03, 2438.33, 32240
Closure, 60, 9.4%, 0, 1.09, 1.91, 2.73, 9.21, 0.55, 2.17, 9.75, 0.63, 0.64, 11%, 216.71, 0.11, 1022, 1560701960.92, 1.00, 163386, 8078378, 18030, 886, 4565, 243937, 15467, 334528, 134668, 41, 68067, 1585, 41678, 54, 469196, 41732, 7201626.73, 2400.54, 31813
Closure, 61, 9.4%, 0, 1.09, 1.91, 2.74, 9.20, 0.55, 2.17, 9.75, 0.63, 0.64, 11%, 216.97, 0.11, 1021, 1560115678.16, 1.00, 163048, 8065240, 18002, 886, 4557, 243499, 15440, 334134, 134428, 41, 67924, 1583, 41579, 54, 468562, 41633, 7190290.01, 2396.76, 31751
Closure, 62, 9.4%, 0, 1.09, 1.91, 2.74, 9.20, 0.55, 2.17, 9.75, 0.63, 0.64, 11%, 216.96, 0.11, 1021, 1560095649.84, 1.00, 163056, 8065867, 18004, 886, 4559, 243517, 15440, 334146, 134434, 41, 67927, 1583, 41583, 54, 468580, 41637, 7190631.17, 2396.88, 31752
Closure, 63, 9.4%, 0, 1.09, 1.91, 2.74, 9.20, 0.55, 2.17, 9.75, 0.63, 0.64, 11%, 216.95, 0.11, 1021, 1560041001.60, 1.00, 163054, 8065781, 18004, 886, 4559, 243515, 15440, 334140, 134432, 41, 67925, 1583, 41583, 54, 468572, 41637, 7190508.41, 2396.84, 31752
Closure, 64, 9.4%, 0, 1.09, 1.91, 2.75, 9.21, 0.56, 2.17, 9.76, 0.63, 0.64, 11%, 216.94, 0.11, 1014, 1550165836.96, 1.00, 162254, 8023703, 17885, 881, 4532, 242265, 15358, 332204, 133686, 41, 67547, 1573, 41345, 54, 465890, 41399, 7145498.56, 2381.83, 31605
Closure, 65, 9.2%, 0, 1.09, 1.92, 2.75, 9.22, 0.56, 2.18, 9.75, 0.63, 0.64, 11%, 216.91, 0.11, 1014, 1549198121.20, 1.00, 162113, 8016778, 17894, 882, 4537, 242019, 15327, 332043, 133639, 41, 67491, 1572, 41331, 54, 465682, 41385, 7142081.16, 2380.69, 31588
Closure, 66, 9.2%, 0, 1.09, 1.92, 2.75, 9.22, 0.56, 2.18, 9.74, 0.63, 0.64, 11%, 217.10, 0.11, 1013, 1548664925.68, 1.00, 161852, 8007131, 17877, 881, 4532, 241696, 15303, 331700, 133496, 41, 67425, 1570, 41252, 54, 465196, 41306, 7133345.11, 2377.78, 31542
Closure, 67, 9.2%, 0, 1.09, 1.92, 2.75, 9.22, 0.56, 2.18, 9.74, 0.63, 0.64, 11%, 217.26, 0.11, 1013, 1548915525.72, 1.00, 161773, 8004171, 17882, 881, 4531, 241611, 15294, 331547, 133438, 41, 67391, 1570, 41203, 54, 464985, 41257, 7129313.36, 2376.44, 31530
Closure, 68, 9.2%, 0, 1.09, 1.92, 2.75, 9.22, 0.56, 2.18, 9.73, 0.63, 0.64, 11%, 217.32, 0.11, 1013, 1548890936.27, 1.00, 161694, 8000593, 17871, 881, 4531, 241513, 15286, 331450, 133408, 41, 67376, 1570, 41178, 54, 464858, 41232, 7126959.65, 2375.65, 31522
Closure, 69, 9.3%, 0, 1.10, 1.92, 2.75, 9.21, 0.56, 2.17, 9.74, 0.63, 0.64, 11%, 217.27, 0.11, 1012, 1546856721.22, 1.00, 161693, 7997309, 17871, 881, 4515, 241481, 15291, 331113, 133290, 41, 67301, 1569, 41147, 54, 464403, 41201, 7119479.91, 2373.16, 31537
Closure, 70, 9.2%, 0, 1.09, 1.91, 2.75, 9.20, 0.56, 2.17, 9.75, 0.63, 0.64, 11%, 217.35, 0.11, 1007, 1539301099.22, 1.00, 160931, 7959728, 17768, 878, 4505, 240382, 15240, 329585, 132596, 41, 66987, 1562, 40942, 54, 462181, 40996, 7082089.83, 2360.7, 31385
Closure, 71, 9.1%, 0, 1.09, 1.90, 2.74, 9.13, 0.56, 2.19, 9.77, 0.63, 0.64, 11%, 221.12, 0.11, 983, 1513282200.39, 1.00, 157250, 7790300, 17452, 861, 4451, 235638, 15002, 319847, 128756, 39, 65554, 1535, 39054, 54, 448603, 39108, 6843517.78, 2281.17, 30667
Closure, 72, 9.1%, 0, 1.09, 1.90, 2.74, 9.12, 0.56, 2.20, 9.76, 0.63, 0.64, 11%, 221.33, 0.11, 977, 1506657645.73, 1.00, 156497, 7751251, 17328, 857, 4435, 234536, 14939, 318341, 128111, 39, 65278, 1530, 38833, 54, 446452, 38887, 6807053.78, 2269.02, 30531
Closure, 73, 8.9%, 0, 1.09, 1.90, 2.74, 9.14, 0.56, 2.20, 9.80, 0.63, 0.63, 11%, 221.29, 0.11, 961, 1494356240.48, 1.00, 155153, 7681277, 17123, 850, 4387, 232295, 14779, 316045, 127149, 39, 64789, 1507, 38561, 54, 443194, 38615, 6752891.02, 2250.96, 30276
Closure, 74, 8.9%, 0, 1.09, 1.90, 2.74, 9.14, 0.56, 2.21, 9.79, 0.63, 0.63, 11%, 221.29, 0.11, 959, 1485221954.62, 1.00, 154222, 7649674, 17083, 850, 4374, 231147, 14682, 314389, 126305, 39, 64320, 1499, 38358, 54, 440694, 38412, 6711447.67, 2237.15, 30066
Closure, 75, 8.9%, 0, 1.09, 1.90, 2.74, 9.14, 0.56, 2.21, 9.79, 0.63, 0.63, 11.1%, 221.83, 0.11, 954, 1482523853.52, 1.00, 153549, 7624583, 17045, 844, 4364, 230294, 14617, 313243, 125831, 39, 64018, 1492, 38125, 54, 439074, 38179, 6682922.17, 2227.64, 29950
Closure, 76, 8.9%, 0, 1.09, 1.90, 2.75, 9.13, 0.56, 2.22, 9.80, 0.63, 0.64, 11.1%, 220.43, 0.11, 924, 1438941493.66, 1.00, 150163, 7472577, 16769, 820, 4283, 225630, 14314, 306361, 123166, 36, 62641, 1460, 37525, 54, 429527, 37579, 6527796.31, 2175.93, 29362
Closure, 77, 8.9%, 0, 1.09, 1.90, 2.75, 9.13, 0.56, 2.21, 9.79, 0.63, 0.64, 11.1%, 220.62, 0.11, 924, 1439062841.37, 1.00, 150019, 7466597, 16749, 820, 4281, 225439, 14303, 306157, 123091, 36, 62603, 1460, 37467, 54, 429248, 37521, 6522599.63, 2174.2, 29335
Closure, 78, 8.9%, 0, 1.09, 1.90, 2.75, 9.13, 0.56, 2.21, 9.79, 0.63, 0.64, 11.1%, 220.67, 0.11, 924, 1439285214.24, 1.00, 150006, 7465903, 16742, 820, 4281, 225417, 14301, 306147, 123088, 36, 62601, 1460, 37458, 54, 429235, 37512, 6522253.53, 2174.08, 29332
Closure, 79, 8.9%, 0, 1.09, 1.91, 2.75, 9.12, 0.56, 2.21, 9.80, 0.63, 0.64, 11.1%, 221.09, 0.11, 922, 1434595294.72, 1.00, 149144, 7433340, 16675, 816, 4253, 224280, 14242, 304751, 122531, 34, 62276, 1453, 37216, 54, 427282, 37270, 6488587.88, 2162.86, 29233
Closure, 80, 8.9%, 0, 1.09, 1.91, 2.75, 9.12, 0.56, 2.21, 9.80, 0.63, 0.64, 11.1%, 221.12, 0.11, 922, 1433954270.30, 1.00, 149042, 7429312, 16667, 816, 4249, 224145, 14230, 304590, 122467, 34, 62247, 1451, 37191, 54, 427057, 37245, 6484757.68, 2161.59, 29211
Closure, 81, 9%, 0, 1.09, 1.91, 2.75, 9.12, 0.56, 2.21, 9.81, 0.63, 0.64, 11.1%, 221.80, 0.11, 916, 1430732517.49, 1.00, 148245, 7389409, 16542, 814, 4230, 222947, 14152, 303203, 121905, 34, 61971, 1442, 36909, 54, 425108, 36963, 6450501.31, 2150.17, 29079
Closure, 82, 9.1%, 0, 1.09, 1.91, 2.74, 9.11, 0.56, 2.22, 9.80, 0.63, 0.64, 11.1%, 222.04, 0.11, 906, 1416075093.85, 1.00, 146580, 7312144, 16350, 807, 4201, 220631, 14008, 300067, 120692, 32, 61411, 1428, 36488, 54, 420759, 36542, 6377556.91, 2125.85, 28772
Closure, 83, 8.9%, 0, 1.09, 1.90, 2.74, 9.07, 0.56, 2.22, 9.78, 0.63, 0.64, 11.2%, 222.39, 0.11, 904, 1402122637.69, 1.00, 145221, 7249233, 16265, 806, 4189, 218893, 13927, 297078, 119331, 32, 60758, 1424, 36067, 54, 416409, 36121, 6304661.37, 2101.55, 28545
Closure, 84, 9%, 0, 1.09, 1.90, 2.74, 9.05, 0.56, 2.22, 9.77, 0.63, 0.64, 11.2%, 222.15, 0.11, 904, 1390736765.84, 1.00, 144588, 7220758, 16212, 806, 4185, 218120, 13895, 295263, 118416, 32, 60435, 1421, 35886, 54, 413679, 35940, 6260329.56, 2086.78, 28413
Closure, 85, 9%, 0, 1.09, 1.90, 2.74, 9.05, 0.56, 2.21, 9.77, 0.63, 0.64, 11.2%, 222.32, 0.11, 903, 1388013221.08, 1.00, 144232, 7202966, 16170, 805, 4165, 217635, 13858, 294522, 118154, 32, 60289, 1417, 35768, 54, 412676, 35822, 6243192.91, 2081.06, 28356
Closure, 86, 9%, 0, 1.09, 1.90, 2.74, 9.05, 0.56, 2.20, 9.76, 0.63, 0.64, 11.2%, 222.54, 0.11, 898, 1378504909.10, 1.00, 143261, 7153584, 16091, 794, 4126, 216234, 13769, 292404, 117353, 32, 59848, 1410, 35475, 54, 409757, 35529, 6194177.51, 2064.73, 28195
Closure, 87, 9.1%, 0, 1.09, 1.90, 2.74, 9.01, 0.56, 2.21, 9.71, 0.63, 0.64, 11.2%, 224.55, 0.11, 896, 1375537981.82, 1.00, 141620, 7084381, 15960, 794, 4121, 214202, 13654, 289591, 116354, 31, 59197, 1406, 34820, 54, 405945, 34874, 6125654.93, 2041.88, 28042
Closure, 88, 9.1%, 0, 1.09, 1.90, 2.74, 9.01, 0.56, 2.21, 9.70, 0.63, 0.64, 11.2%, 224.64, 0.11, 896, 1375446048.27, 1.00, 141555, 7080765, 15944, 794, 4121, 214111, 13646, 289474, 116302, 31, 59173, 1406, 34791, 54, 405776, 34845, 6122617.73, 2040.87, 28029
Closure, 89, 9.1%, 0, 1.09, 1.91, 2.73, 9.00, 0.56, 2.20, 9.65, 0.64, 0.64, 11.2%, 224.68, 0.11, 888, 1358090424.35, 1.00, 139752, 6998770, 15729, 785, 4087, 211571, 13483, 286082, 114969, 31, 58494, 1396, 34378, 54, 401051, 34432, 6044425.05, 2014.81, 27721
Closure, 90, 9%, 0, 1.08, 1.91, 2.74, 9.00, 0.56, 2.21, 9.60, 0.64, 0.64, 11.3%, 225.60, 0.11, 886, 1358044381.48, 1.00, 139222, 6972603, 15733, 787, 4102, 211018, 13426, 285110, 114573, 31, 58359, 1398, 34121, 54, 399683, 34175, 6019487.25, 2006.5, 27644
Closure, 91, 9%, 0, 1.08, 1.91, 2.74, 9.00, 0.56, 2.21, 9.59, 0.64, 0.64, 11.3%, 225.93, 0.11, 885, 1357486318.79, 1.00, 138910, 6958881, 15714, 787, 4098, 210644, 13400, 284657, 114405, 31, 58294, 1397, 34018, 54, 399062, 34072, 6008396.79, 2002.8, 27605
Closure, 92, 9%, 0, 1.08, 1.91, 2.74, 8.99, 0.56, 2.21, 9.57, 0.64, 0.64, 11.3%, 226.11, 0.11, 886, 1356615938.56, 1.00, 138712, 6951511, 15698, 787, 4098, 210430, 13382, 284315, 114249, 31, 58262, 1398, 33950, 54, 398564, 34004, 5999750.03, 1999.92, 27559
Closure, 93, 9%, 0, 1.08, 1.91, 2.74, 8.99, 0.56, 2.22, 9.57, 0.64, 0.64, 11.3%, 226.22, 0.11, 884, 1355677205.37, 1.00, 138523, 6942875, 15683, 787, 4096, 210189, 13366, 284015, 114131, 31, 58213, 1396, 33897, 54, 398146, 33951, 5992561.71, 1997.52, 27523
Closure, 94, 9.1%, 0, 1.08, 1.91, 2.74, 8.99, 0.56, 2.22, 9.57, 0.64, 0.64, 11.3%, 226.21, 0.11, 883, 1353264989.13, 1.00, 138265, 6931800, 15669, 786, 4090, 209870, 13349, 283561, 113950, 31, 58147, 1394, 33844, 54, 397511, 33898, 5982108.27, 1994.04, 27458
Closure, 95, 9.2%, 0, 1.08, 1.88, 2.75, 8.92, 0.55, 2.11, 9.45, 0.62, 0.65, 11.2%, 223.72, 0.11, 874, 1286336689.68, 1.00, 133594, 6721827, 15079, 765, 3876, 203090, 13004, 273200, 109823, 30, 55878, 1375, 32971, 54, 383023, 33025, 5749662.02, 1916.55, 26426
Closure, 96, 9.5%, 0, 1.08, 1.89, 2.76, 8.96, 0.55, 2.11, 9.43, 0.62, 0.65, 11.2%, 225.52, 0.12, 878, 1303899124.28, 1.00, 134116, 6734810, 15030, 769, 3886, 203818, 12992, 274571, 110694, 30, 56231, 1377, 32872, 54, 385265, 32926, 5781648.59, 1927.22, 26475
Closure, 97, 9.3%, 0, 1.08, 1.89, 2.75, 8.87, 0.56, 2.13, 9.66, 0.62, 0.65, 11%, 223.43, 0.11, 823, 1218215389.69, 1.00, 126853, 6355124, 14027, 731, 3689, 192238, 12399, 259995, 104903, 30, 53174, 1283, 31418, 54, 364898, 31472, 5452226.09, 1817.41, 25281
Closure, 98, 9.5%, 0, 1.08, 1.89, 2.75, 8.83, 0.56, 2.14, 9.63, 0.62, 0.66, 11.1%, 220.00, 0.12, 804, 1164253600.30, 1.00, 123368, 6194420, 13715, 709, 3628, 187306, 12106, 253218, 101973, 30, 51672, 1257, 30501, 53, 355191, 30554, 5292016.86, 1764.01, 24670
Closure, 99, 9.5%, 0, 1.08, 1.89, 2.75, 8.83, 0.56, 2.14, 9.62, 0.62, 0.66, 11.1%, 220.03, 0.12, 804, 1164226370.28, 1.00, 123334, 6193131, 13711, 709, 3629, 187252, 12103, 253177, 101958, 30, 51667, 1257, 30491, 53, 355135, 30544, 5291014.80, 1763.67, 24665
Closure, 100, 9.5%, 0, 1.07, 1.89, 2.75, 8.83, 0.57, 2.16, 9.69, 0.62, 0.66, 11.1%, 220.31, 0.12, 797, 1161447069.76, 1.00, 122774, 6162588, 13641, 708, 3621, 186310, 12038, 252362, 101637, 30, 51487, 1242, 30355, 53, 353999, 30408, 5271810.91, 1757.27, 24558
Closure, 101, 9.6%, 0, 1.08, 1.97, 2.75, 8.93, 0.56, 2.14, 8.91, 0.66, 0.67, 11.5%, 214.83, 0.12, 750, 1030722315.09, 1.00, 110012, 5590324, 12757, 673, 3431, 169026, 10573, 230649, 93551, 27, 47674, 1186, 28451, 53, 324200, 28504, 4797795.84, 1599.27, 22628
Closure, 102, 9.6%, 0, 1.09, 1.98, 2.75, 8.92, 0.56, 2.09, 8.87, 0.66, 0.67, 11.5%, 215.98, 0.12, 747, 1026128762.16, 1.00, 108946, 5534860, 12615, 666, 3389, 167385, 10476, 228665, 92808, 27, 47202, 1181, 28056, 53, 321473, 28109, 4750967.33, 1583.66, 22443
Closure, 103, 9.6%, 0, 1.09, 1.98, 2.75, 8.92, 0.56, 2.09, 8.87, 0.66, 0.67, 11.5%, 216.07, 0.12, 747, 1025979859.73, 1.00, 108888, 5532333, 12613, 666, 3387, 167340, 10477, 228556, 92765, 27, 47191, 1181, 28031, 53, 321321, 28084, 4748308.48, 1582.77, 22434
Closure, 104, 9.6%, 0, 1.09, 1.98, 2.75, 8.92, 0.56, 2.09, 8.86, 0.66, 0.67, 11.5%, 216.16, 0.12, 747, 1026014310.07, 1.00, 108841, 5530072, 12608, 666, 3387, 167282, 10473, 228475, 92743, 27, 47180, 1181, 28009, 53, 321218, 28062, 4746423.23, 1582.14, 22429
Closure, 105, 9.6%, 0, 1.09, 1.98, 2.34, 8.92, 0.56, 2.09, 8.90, 0.66, 0.68, 11.5%, 216.02, 0.12, 729, 1014175233.33, 1.00, 107703, 5459161, 12438, 658, 3346, 165122, 10359, 226226, 91775, 26, 46717, 1163, 27751, 53, 318001, 27804, 4694650.29, 1564.88, 22191
Closure, 107, 8.8%, 0, 1.09, 1.85, 2.75, 9.11, 0.57, 2.29, 9.96, 0.61, 0.66, 10.4%, 202.98, 0.11, 1225, 1778324476.59, 1.00, 199204, 9629805, 20741, 1104, 5566, 292439, 19024, 400726, 160124, 52, 80812, 1909, 50342, 51, 560850, 50393, 8761001.80, 2920.33, 37508
Closure, 108, 8.8%, 0, 1.09, 1.85, 2.75, 9.11, 0.57, 2.29, 9.96, 0.61, 0.66, 10.4%, 202.98, 0.11, 1225, 1778240060.18, 1.00, 199189, 9628929, 20739, 1104, 5564, 292416, 19023, 400698, 160114, 52, 80806, 1909, 50337, 51, 560812, 50388, 8760327.92, 2920.11, 37506
Closure, 109, 8.8%, 0, 1.09, 1.85, 2.75, 9.10, 0.57, 2.29, 9.96, 0.61, 0.66, 10.4%, 203.11, 0.11, 1223, 1772400440.01, 1.00, 198375, 9593141, 20654, 1102, 5537, 291345, 18971, 399261, 159566, 52, 80570, 1903, 50124, 51, 558827, 50175, 8725905.39, 2908.64, 37400
Closure, 110, 8.8%, 0, 1.09, 1.85, 2.75, 9.09, 0.57, 2.27, 9.95, 0.61, 0.66, 10.4%, 202.64, 0.11, 1218, 1751646944.20, 1.00, 196897, 9530010, 20596, 1096, 5483, 289393, 18849, 395856, 158030, 52, 79878, 1894, 49812, 51, 553886, 49863, 8643768.81, 2881.26, 37141
Closure, 111, 9.3%, 0, 1.09, 1.82, 2.74, 9.19, 0.55, 2.18, 10.10, 0.60, 0.66, 10.5%, 198.83, 0.11, 1181, 1645936022.04, 1.00, 189159, 9159156, 20045, 989, 4992, 277772, 18000, 380050, 151466, 47, 76366, 1781, 48741, 51, 531516, 48792, 8278019.93, 2759.34, 34868
Closure, 112, 9.4%, 0, 1.09, 1.82, 2.74, 9.19, 0.55, 2.19, 10.10, 0.60, 0.66, 10.6%, 198.62, 0.11, 1176, 1635016181.99, 1.00, 188381, 9124778, 19981, 985, 4982, 276725, 17932, 378105, 150644, 45, 75952, 1775, 48543, 51, 528749, 48594, 8231823.82, 2743.94, 34730
Closure, 113, 9.4%, 0, 1.09, 1.82, 2.74, 9.19, 0.55, 2.19, 10.10, 0.60, 0.66, 10.6%, 198.69, 0.11, 1176, 1635308515.78, 1.00, 188314, 9122702, 19980, 985, 4982, 276652, 17929, 378034, 150632, 45, 75945, 1775, 48515, 51, 528666, 48566, 8230092.03, 2743.36, 34727
Closure, 114, 9.4%, 0, 1.09, 1.82, 2.74, 9.19, 0.55, 2.19, 10.10, 0.60, 0.66, 10.6%, 198.70, 0.11, 1176, 1635255914.16, 1.00, 188309, 9122372, 19979, 985, 4982, 276645, 17928, 378022, 150624, 45, 75943, 1775, 48513, 51, 528646, 48564, 8229749.27, 2743.25, 34724
Closure, 115, 9.4%, 0, 1.09, 1.82, 2.74, 9.19, 0.55, 2.19, 10.09, 0.60, 0.66, 10.6%, 198.77, 0.11, 1176, 1635431766.56, 1.00, 188260, 9119873, 19970, 985, 4982, 276579, 17920, 377944, 150591, 45, 75930, 1775, 48485, 51, 528535, 48536, 8227581.51, 2742.53, 34716
Closure, 116, 9.4%, 0, 1.09, 1.82, 2.74, 9.19, 0.55, 2.19, 10.09, 0.60, 0.66, 10.6%, 198.74, 0.11, 1176, 1635205454.49, 1.00, 188268, 9120179, 19970, 985, 4983, 276594, 17923, 377942, 150582, 45, 75928, 1775, 48491, 51, 528524, 48542, 8227504.53, 2742.5, 34715
Closure, 117, 9.4%, 0, 1.09, 1.82, 2.74, 9.19, 0.55, 2.19, 10.08, 0.60, 0.66, 10.6%, 199.00, 0.11, 1175, 1635124594.63, 1.00, 188019, 9108602, 19967, 985, 4979, 276212, 17892, 377518, 150405, 45, 75839, 1775, 48373, 51, 527923, 48424, 8216295.10, 2738.77, 34672
Closure, 118, 9.4%, 0, 1.09, 1.82, 2.74, 9.19, 0.55, 2.19, 10.07, 0.60, 0.66, 10.6%, 199.13, 0.11, 1174, 1635871924.68, 1.00, 187904, 9106263, 19964, 985, 4980, 276106, 17889, 377462, 150414, 45, 75847, 1775, 48336, 51, 527876, 48387, 8214981.50, 2738.33, 34665
Closure, 119, 9.4%, 0, 1.09, 1.82, 2.74, 9.19, 0.55, 2.19, 10.07, 0.60, 0.66, 10.6%, 199.13, 0.11, 1174, 1635644976.69, 1.00, 187868, 9105117, 19964, 985, 4980, 276066, 17887, 377403, 150403, 45, 75839, 1775, 48328, 51, 527806, 48379, 8213766.23, 2737.92, 34662
Closure, 120, 9.4%, 0, 1.09, 1.82, 2.74, 9.19, 0.55, 2.19, 10.06, 0.60, 0.66, 10.6%, 199.27, 0.11, 1174, 1635545575.18, 1.00, 187705, 9099504, 19956, 985, 4979, 275885, 17872, 377156, 150319, 45, 75800, 1775, 48263, 51, 527475, 48314, 8207592.06, 2735.86, 34633
Closure, 121, 9.4%, 0, 1.09, 1.82, 2.74, 9.19, 0.55, 2.19, 10.06, 0.60, 0.66, 10.6%, 199.26, 0.11, 1174, 1635672858.95, 1.00, 187724, 9100711, 19963, 985, 4979, 275918, 17873, 377190, 150338, 45, 75809, 1775, 48269, 51, 527528, 48320, 8208511.25, 2736.17, 34637
Closure, 122, 9.4%, 0, 1.09, 1.82, 2.74, 9.18, 0.55, 2.19, 10.05, 0.60, 0.66, 10.6%, 199.44, 0.11, 1174, 1635138594.43, 1.00, 187370, 9087490, 19943, 985, 4974, 275499, 17854, 376772, 150206, 45, 75743, 1775, 48172, 51, 526978, 48223, 8198425.34, 2732.81, 34609
Closure, 123, 9.4%, 0, 1.09, 1.82, 2.74, 9.18, 0.55, 2.19, 10.08, 0.60, 0.66, 10.6%, 199.49, 0.12, 1169, 1632119587.33, 1.00, 187045, 9067475, 19890, 980, 4958, 274870, 17827, 376078, 149905, 45, 75597, 1768, 48072, 51, 525983, 48123, 8181370.46, 2727.12, 34547
Closure, 124, 9.4%, 0, 1.09, 1.82, 2.74, 9.17, 0.55, 2.18, 10.06, 0.61, 0.67, 10.6%, 199.63, 0.12, 1167, 1627015015.82, 1.00, 186318, 9031455, 19846, 980, 4939, 273852, 17772, 374754, 149410, 45, 75304, 1765, 47868, 51, 524164, 47919, 8149864.45, 2716.62, 34451
Closure, 125, 9.4%, 0, 1.09, 1.82, 2.73, 9.15, 0.55, 2.18, 10.07, 0.60, 0.66, 10.6%, 199.33, 0.12, 1165, 1613813106.81, 1.00, 185210, 8977462, 19740, 979, 4916, 272194, 17708, 372517, 148394, 45, 74894, 1758, 47654, 51, 520911, 47705, 8095922.11, 2698.64, 34227
Closure, 126, 9.5%, 0, 1.09, 1.82, 2.73, 9.14, 0.55, 2.17, 10.09, 0.61, 0.66, 10.6%, 198.38, 0.12, 1145, 1574561476.60, 1.00, 181556, 8802364, 19321, 954, 4808, 267129, 17387, 365663, 145664, 45, 73445, 1723, 47001, 51, 511327, 47052, 7936801.54, 2645.6, 33579
Closure, 127, 9.5%, 0, 1.09, 1.82, 2.73, 9.14, 0.55, 2.17, 10.08, 0.61, 0.66, 10.6%, 198.38, 0.12, 1145, 1574378737.45, 1.00, 181541, 8801446, 19320, 954, 4808, 267105, 17384, 365633, 145647, 45, 73440, 1723, 46998, 51, 511280, 47049, 7936024.98, 2645.34, 33572
Closure, 128, 9.6%, 0, 1.09, 1.82, 2.73, 9.13, 0.55, 2.18, 10.10, 0.61, 0.66, 10.6%, 198.40, 0.12, 1142, 1571072994.03, 1.00, 181094, 8779038, 19243, 952, 4801, 266410, 17354, 364925, 145324, 45, 73346, 1718, 46902, 51, 510249, 46953, 7918518.37, 2639.51, 33520
Closure, 129, 9.6%, 0, 1.09, 1.82, 2.73, 9.13, 0.55, 2.18, 10.10, 0.61, 0.66, 10.6%, 198.41, 0.12, 1142, 1571082301.64, 1.00, 181088, 8778873, 19243, 952, 4801, 266403, 17353, 364916, 145319, 45, 73344, 1718, 46899, 51, 510235, 46950, 7918254.07, 2639.42, 33518
Closure, 130, 9.4%, 0, 1.09, 1.82, 2.73, 9.13, 0.55, 2.19, 10.12, 0.61, 0.66, 10.6%, 202.21, 0.12, 1138, 1596226831.10, 1.00, 180575, 8760726, 19220, 952, 4787, 265834, 17295, 363762, 145009, 45, 73185, 1708, 46770, 52, 508771, 46822, 7893530.64, 2631.18, 33500
Closure, 131, 9.4%, 0, 1.09, 1.82, 2.73, 9.13, 0.55, 2.19, 10.12, 0.61, 0.66, 10.6%, 202.23, 0.12, 1138, 1596247480.00, 1.00, 180560, 8760221, 19220, 952, 4787, 265818, 17294, 363736, 144999, 45, 73183, 1708, 46762, 52, 508735, 46814, 7892846.69, 2630.95, 33497
Closure, 132, 9.4%, 0, 1.09, 1.82, 2.73, 9.13, 0.55, 2.19, 10.12, 0.61, 0.66, 10.6%, 202.20, 0.12, 1138, 1594928261.38, 1.00, 180468, 8756348, 19215, 952, 4785, 265705, 17287, 363525, 144907, 45, 73144, 1708, 46744, 52, 508432, 46796, 7887863.66, 2629.29, 33483
Closure, 133, 9.4%, 0, 1.09, 1.82, 2.73, 9.13, 0.55, 2.19, 10.11, 0.61, 0.66, 10.6%, 202.26, 0.12, 1137, 1594423857.94, 1.00, 180343, 8756562, 19207, 951, 4782, 265554, 17274, 363314, 144828, 45, 73126, 1707, 46701, 52, 508142, 46753, 7882690.64, 2627.56, 33462
